ISO-10303-21;
HEADER;

/* File generated by HOOPS Exchange Version 24.2.0 */

FILE_DESCRIPTION(('HOOPS Exchange Step'),'2;1');

FILE_NAME('E:\\BambuLab\\ArmPi_mini\\MiniCameraMount.step',
'2025-11-20T06:42:14-08:00',
('DELL'),
('Unknown organisation'),
'HOOPS Exchange 2024.2',
'HOOPS Exchange',
'Unknown authorisation');

FILE_SCHEMA( ('AP203_CONFIGURATION_CONTROLLED_3D_DESIGN_OF_MECHANICAL_PARTS_AND_ASSEMBLIES_MIM_LF') );

ENDSEC;

DATA;
#3=(NAMED_UNIT(*)PLANE_ANGLE_UNIT()SI_UNIT($,.RADIAN.));
#4=PLANE_ANGLE_MEASURE_WITH_UNIT(PLANE_ANGLE_MEASURE(0.0174532925),#3);
#5=(CONVERSION_BASED_UNIT('DEGREE',#4)NAMED_UNIT(#6)PLANE_ANGLE_UNIT());
#6=DIMENSIONAL_EXPONENTS(0.,0.,0.,0.,0.,0.,0.);
#7=(NAMED_UNIT(*)SI_UNIT($,.STERADIAN.)SOLID_ANGLE_UNIT());
#8=(LENGTH_UNIT()NAMED_UNIT(*)SI_UNIT(.MILLI.,.METRE.));
#9=UNCERTAINTY_MEASURE_WITH_UNIT(LENGTH_MEASURE(1.000000E-05),#8,'DISTANCE_ACCURACY_VALUE','Maximum Tolerance applied to model');
#10=(GEOMETRIC_REPRESENTATION_CONTEXT(3)GLOBAL_UNCERTAINTY_ASSIGNED_CONTEXT((#9))GLOBAL_UNIT_ASSIGNED_CONTEXT((#8,#5,#7))REPRESENTATION_CONTEXT('','root'));
#12=CARTESIAN_POINT('',(0.,0.,0.));
#13=DIRECTION('',(0.,0.,1.));
#14=DIRECTION('',(1.,0.,0.));
#15=AXIS2_PLACEMENT_3D('',#12,#13,#14);
#27=CARTESIAN_POINT('',(-15.5,18.,1.));
#28=CARTESIAN_POINT('',(-15.5,18.,-1.));
#29=CARTESIAN_POINT('',(-15.5,17.967312426,1.));
#30=CARTESIAN_POINT('',(-15.5,17.967312426,-1.));
#31=B_SPLINE_SURFACE_WITH_KNOTS('',1,1,((#27,#28),(#29,#30)),.UNSPECIFIED.,.F.,.F.,.U.,(2,2),(2,2),(-0.037,-0.036967312),(-0.002,0.),.UNSPECIFIED.);
#32=CARTESIAN_POINT('',(-15.5,17.967312426,-1.));
#33=VERTEX_POINT('',#32);
#34=CARTESIAN_POINT('',(-15.5,18.,-1.));
#35=VERTEX_POINT('',#34);
#36=CARTESIAN_POINT('',(-15.5,17.967312426,-1.));
#37=CARTESIAN_POINT('',(-15.5,18.,-1.));
#38=B_SPLINE_CURVE_WITH_KNOTS('',1,(#36,#37),.UNSPECIFIED.,.F.,.F.,(2,2),(0.036967312,0.037),.UNSPECIFIED.);
#39=EDGE_CURVE('',#33,#35,#38,.T.);
#40=ORIENTED_EDGE('',*,*,#39,.F.);
#41=CARTESIAN_POINT('',(-15.5,17.967312426,1.));
#42=VERTEX_POINT('',#41);
#43=CARTESIAN_POINT('',(-15.5,17.967312426,-1.));
#44=CARTESIAN_POINT('',(-15.5,17.967312426,1.));
#45=B_SPLINE_CURVE_WITH_KNOTS('',1,(#43,#44),.UNSPECIFIED.,.F.,.F.,(2,2),(-0.,0.002),.UNSPECIFIED.);
#46=EDGE_CURVE('',#33,#42,#45,.T.);
#47=ORIENTED_EDGE('',*,*,#46,.T.);
#48=CARTESIAN_POINT('',(-15.5,18.,1.));
#49=VERTEX_POINT('',#48);
#50=CARTESIAN_POINT('',(-15.5,17.967312426,1.));
#51=CARTESIAN_POINT('',(-15.5,18.,1.));
#52=B_SPLINE_CURVE_WITH_KNOTS('',1,(#50,#51),.UNSPECIFIED.,.F.,.F.,(2,2),(0.036967312,0.037),.UNSPECIFIED.);
#53=EDGE_CURVE('',#42,#49,#52,.T.);
#54=ORIENTED_EDGE('',*,*,#53,.T.);
#55=CARTESIAN_POINT('',(-15.5,18.,1.));
#56=CARTESIAN_POINT('',(-15.5,18.,-1.));
#57=B_SPLINE_CURVE_WITH_KNOTS('',1,(#55,#56),.UNSPECIFIED.,.F.,.F.,(2,2),(-0.,0.002),.UNSPECIFIED.);
#58=EDGE_CURVE('',#49,#35,#57,.T.);
#59=ORIENTED_EDGE('',*,*,#58,.T.);
#60=EDGE_LOOP('',(#40,#47,#54,#59));
#61=FACE_BOUND('',#60,.T.);
#62=ADVANCED_FACE('',(#61),#31,.F.);
#63=CARTESIAN_POINT('',(12.5,21.,1.));
#64=CARTESIAN_POINT('',(12.5,21.,-1.));
#65=CARTESIAN_POINT('',(11.776712044,21.,1.));
#66=CARTESIAN_POINT('',(11.776712044,21.,-1.));
#67=B_SPLINE_SURFACE_WITH_KNOTS('',1,1,((#63,#64),(#65,#66)),.UNSPECIFIED.,.F.,.F.,.U.,(2,2),(2,2),(-0.028,-0.027276712),(-0.002,0.),.UNSPECIFIED.);
#68=CARTESIAN_POINT('',(11.776712044,21.,-1.));
#69=VERTEX_POINT('',#68);
#70=CARTESIAN_POINT('',(12.5,21.,-1.));
#71=VERTEX_POINT('',#70);
#72=CARTESIAN_POINT('',(11.776712044,21.,-1.));
#73=CARTESIAN_POINT('',(12.5,21.,-1.));
#74=B_SPLINE_CURVE_WITH_KNOTS('',1,(#72,#73),.UNSPECIFIED.,.F.,.F.,(2,2),(0.027276712,0.028),.UNSPECIFIED.);
#75=EDGE_CURVE('',#69,#71,#74,.T.);
#76=ORIENTED_EDGE('',*,*,#75,.F.);
#77=CARTESIAN_POINT('',(11.776712044,21.,1.));
#78=VERTEX_POINT('',#77);
#79=CARTESIAN_POINT('',(11.776712044,21.,-1.));
#80=CARTESIAN_POINT('',(11.776712044,21.,1.));
#81=B_SPLINE_CURVE_WITH_KNOTS('',1,(#79,#80),.UNSPECIFIED.,.F.,.F.,(2,2),(0.,0.002),.UNSPECIFIED.);
#82=EDGE_CURVE('',#69,#78,#81,.T.);
#83=ORIENTED_EDGE('',*,*,#82,.T.);
#84=CARTESIAN_POINT('',(12.5,21.,1.));
#85=VERTEX_POINT('',#84);
#86=CARTESIAN_POINT('',(11.776712044,21.,1.));
#87=CARTESIAN_POINT('',(12.5,21.,1.));
#88=B_SPLINE_CURVE_WITH_KNOTS('',1,(#86,#87),.UNSPECIFIED.,.F.,.F.,(2,2),(0.027276712,0.028),.UNSPECIFIED.);
#89=EDGE_CURVE('',#78,#85,#88,.T.);
#90=ORIENTED_EDGE('',*,*,#89,.T.);
#91=CARTESIAN_POINT('',(12.5,21.,1.));
#92=CARTESIAN_POINT('',(12.5,21.,-1.));
#93=B_SPLINE_CURVE_WITH_KNOTS('',1,(#91,#92),.UNSPECIFIED.,.F.,.F.,(2,2),(0.,0.002),.UNSPECIFIED.);
#94=EDGE_CURVE('',#85,#71,#93,.T.);
#95=ORIENTED_EDGE('',*,*,#94,.T.);
#96=EDGE_LOOP('',(#76,#83,#90,#95));
#97=FACE_BOUND('',#96,.T.);
#98=ADVANCED_FACE('',(#97),#67,.F.);
#99=CARTESIAN_POINT('',(-9.663640775,-19.,1.));
#100=CARTESIAN_POINT('',(-9.663640775,-19.,-1.));
#101=CARTESIAN_POINT('',(-9.44221434,-19.,1.));
#102=CARTESIAN_POINT('',(-9.44221434,-19.,-1.));
#103=B_SPLINE_SURFACE_WITH_KNOTS('',1,1,((#99,#100),(#101,#102)),.UNSPECIFIED.,.F.,.F.,.U.,(2,2),(2,2),(-0.025163641,-0.024942214),(-0.002,0.),.UNSPECIFIED.);
#104=CARTESIAN_POINT('',(-9.44221434,-19.,-1.));
#105=VERTEX_POINT('',#104);
#106=CARTESIAN_POINT('',(-9.663640775,-19.,-1.));
#107=VERTEX_POINT('',#106);
#108=CARTESIAN_POINT('',(-9.44221434,-19.,-1.));
#109=CARTESIAN_POINT('',(-9.663640775,-19.,-1.));
#110=B_SPLINE_CURVE_WITH_KNOTS('',1,(#108,#109),.UNSPECIFIED.,.F.,.F.,(2,2),(0.024942214,0.025163641),.UNSPECIFIED.);
#111=EDGE_CURVE('',#105,#107,#110,.T.);
#112=ORIENTED_EDGE('',*,*,#111,.F.);
#113=CARTESIAN_POINT('',(-9.44221434,-19.,1.));
#114=VERTEX_POINT('',#113);
#115=CARTESIAN_POINT('',(-9.44221434,-19.,-1.));
#116=CARTESIAN_POINT('',(-9.44221434,-19.,1.));
#117=B_SPLINE_CURVE_WITH_KNOTS('',1,(#115,#116),.UNSPECIFIED.,.F.,.F.,(2,2),(0.,0.002),.UNSPECIFIED.);
#118=EDGE_CURVE('',#105,#114,#117,.T.);
#119=ORIENTED_EDGE('',*,*,#118,.T.);
#120=CARTESIAN_POINT('',(-9.663640775,-19.,1.));
#121=VERTEX_POINT('',#120);
#122=CARTESIAN_POINT('',(-9.44221434,-19.,1.));
#123=CARTESIAN_POINT('',(-9.663640775,-19.,1.));
#124=B_SPLINE_CURVE_WITH_KNOTS('',1,(#122,#123),.UNSPECIFIED.,.F.,.F.,(2,2),(0.024942214,0.025163641),.UNSPECIFIED.);
#125=EDGE_CURVE('',#114,#121,#124,.T.);
#126=ORIENTED_EDGE('',*,*,#125,.T.);
#127=CARTESIAN_POINT('',(-9.663640775,-19.,1.));
#128=CARTESIAN_POINT('',(-9.663640775,-19.,-1.));
#129=B_SPLINE_CURVE_WITH_KNOTS('',1,(#127,#128),.UNSPECIFIED.,.F.,.F.,(2,2),(0.,0.002),.UNSPECIFIED.);
#130=EDGE_CURVE('',#121,#107,#129,.T.);
#131=ORIENTED_EDGE('',*,*,#130,.T.);
#132=EDGE_LOOP('',(#112,#119,#126,#131));
#133=FACE_BOUND('',#132,.T.);
#134=ADVANCED_FACE('',(#133),#103,.F.);
#135=CARTESIAN_POINT('',(9.242366528,-19.,1.));
#136=CARTESIAN_POINT('',(9.242366528,-19.,-1.));
#137=CARTESIAN_POINT('',(9.561703325,-19.,1.));
#138=CARTESIAN_POINT('',(9.561703325,-19.,-1.));
#139=B_SPLINE_SURFACE_WITH_KNOTS('',1,1,((#135,#136),(#137,#138)),.UNSPECIFIED.,.F.,.F.,.U.,(2,2),(2,2),(-0.006257633,-0.005938297),(-0.002,0.),.UNSPECIFIED.);
#140=CARTESIAN_POINT('',(9.561703325,-19.,1.));
#141=VERTEX_POINT('',#140);
#142=CARTESIAN_POINT('',(9.242366528,-19.,1.));
#143=VERTEX_POINT('',#142);
#144=CARTESIAN_POINT('',(9.561703325,-19.,1.));
#145=CARTESIAN_POINT('',(9.242366528,-19.,1.));
#146=B_SPLINE_CURVE_WITH_KNOTS('',1,(#144,#145),.UNSPECIFIED.,.F.,.F.,(2,2),(0.005938297,0.006257633),.UNSPECIFIED.);
#147=EDGE_CURVE('',#141,#143,#146,.T.);
#148=ORIENTED_EDGE('',*,*,#147,.T.);
#149=CARTESIAN_POINT('',(9.242366528,-19.,-1.));
#150=VERTEX_POINT('',#149);
#151=CARTESIAN_POINT('',(9.242366528,-19.,1.));
#152=CARTESIAN_POINT('',(9.242366528,-19.,-1.));
#153=B_SPLINE_CURVE_WITH_KNOTS('',1,(#151,#152),.UNSPECIFIED.,.F.,.F.,(2,2),(0.,0.002),.UNSPECIFIED.);
#154=EDGE_CURVE('',#143,#150,#153,.T.);
#155=ORIENTED_EDGE('',*,*,#154,.T.);
#156=CARTESIAN_POINT('',(9.561703325,-19.,-1.));
#157=VERTEX_POINT('',#156);
#158=CARTESIAN_POINT('',(9.561703325,-19.,-1.));
#159=CARTESIAN_POINT('',(9.242366528,-19.,-1.));
#160=B_SPLINE_CURVE_WITH_KNOTS('',1,(#158,#159),.UNSPECIFIED.,.F.,.F.,(2,2),(0.005938297,0.006257633),.UNSPECIFIED.);
#161=EDGE_CURVE('',#157,#150,#160,.T.);
#162=ORIENTED_EDGE('',*,*,#161,.F.);
#163=CARTESIAN_POINT('',(9.561703325,-19.,-1.));
#164=CARTESIAN_POINT('',(9.561703325,-19.,1.));
#165=B_SPLINE_CURVE_WITH_KNOTS('',1,(#163,#164),.UNSPECIFIED.,.F.,.F.,(2,2),(-0.002,0.),.UNSPECIFIED.);
#166=EDGE_CURVE('',#157,#141,#165,.T.);
#167=ORIENTED_EDGE('',*,*,#166,.T.);
#168=EDGE_LOOP('',(#148,#155,#162,#167));
#169=FACE_BOUND('',#168,.T.);
#170=ADVANCED_FACE('',(#169),#139,.F.);
#171=CARTESIAN_POINT('',(-15.5,-19.,-1.));
#172=CARTESIAN_POINT('',(15.619376254,-19.,-1.));
#173=CARTESIAN_POINT('',(-15.5,21.,-1.));
#174=CARTESIAN_POINT('',(15.619376254,21.,-1.));
#175=B_SPLINE_SURFACE_WITH_KNOTS('',1,1,((#171,#172),(#173,#174)),.UNSPECIFIED.,.F.,.F.,.U.,(2,2),(2,2),(-0.02,0.02),(-0.0155,0.015619376),.UNSPECIFIED.);
#176=CARTESIAN_POINT('',(-0.005496104,-2.200738575,-1.));
#177=VERTEX_POINT('',#176);
#178=CARTESIAN_POINT('',(-0.005496104,5.860246949,-1.));
#179=VERTEX_POINT('',#178);
#180=CARTESIAN_POINT('',(-0.005496104,5.860246949,-1.));
#181=CARTESIAN_POINT('',(4.024996658,5.860246949,-1.));
#182=CARTESIAN_POINT('',(4.024996658,1.829754187,-1.));
#183=CARTESIAN_POINT('',(4.024996658,-2.200738575,-1.));
#184=CARTESIAN_POINT('',(-0.005496104,-2.200738575,-1.));
#185=CARTESIAN_POINT('',(-4.035988865,-2.200738575,-1.));
#186=CARTESIAN_POINT('',(-4.035988865,1.829754187,-1.));
#187=CARTESIAN_POINT('',(-4.035988865,5.860246949,-1.));
#188=CARTESIAN_POINT('',(-0.005496104,5.860246949,-1.));
#189=(BOUNDED_CURVE()
B_SPLINE_CURVE(2,(#180,#181,#182,#183,#184,#185,#186,#187,#188),.UNSPECIFIED.,.T.,.F.)
B_SPLINE_CURVE_WITH_KNOTS((3,2,2,2,3),(0.,1.570796327,3.141592654,4.71238898,6.283185307),.UNSPECIFIED.)
CURVE()
GEOMETRIC_REPRESENTATION_ITEM()
RATIONAL_B_SPLINE_CURVE((1.,0.707106781,1.,0.707106781,1.,0.707106781,1.,0.707106781,1.))
REPRESENTATION_ITEM(''));
#190=EDGE_CURVE('',#177,#179,#189,.T.);
#191=ORIENTED_EDGE('',*,*,#190,.F.);
#192=CARTESIAN_POINT('',(-0.005496104,5.860246949,-1.));
#193=CARTESIAN_POINT('',(4.024996658,5.860246949,-1.));
#194=CARTESIAN_POINT('',(4.024996658,1.829754187,-1.));
#195=CARTESIAN_POINT('',(4.024996658,-2.200738575,-1.));
#196=CARTESIAN_POINT('',(-0.005496104,-2.200738575,-1.));
#197=CARTESIAN_POINT('',(-4.035988865,-2.200738575,-1.));
#198=CARTESIAN_POINT('',(-4.035988865,1.829754187,-1.));
#199=CARTESIAN_POINT('',(-4.035988865,5.860246949,-1.));
#200=CARTESIAN_POINT('',(-0.005496104,5.860246949,-1.));
#201=(BOUNDED_CURVE()
B_SPLINE_CURVE(2,(#192,#193,#194,#195,#196,#197,#198,#199,#200),.UNSPECIFIED.,.T.,.F.)
B_SPLINE_CURVE_WITH_KNOTS((3,2,2,2,3),(0.,1.570796327,3.141592654,4.71238898,6.283185307),.UNSPECIFIED.)
CURVE()
GEOMETRIC_REPRESENTATION_ITEM()
RATIONAL_B_SPLINE_CURVE((1.,0.707106781,1.,0.707106781,1.,0.707106781,1.,0.707106781,1.))
REPRESENTATION_ITEM(''));
#202=EDGE_CURVE('',#179,#177,#201,.T.);
#203=ORIENTED_EDGE('',*,*,#202,.F.);
#204=EDGE_LOOP('',(#191,#203));
#205=FACE_BOUND('',#204,.T.);
#206=ORIENTED_EDGE('',*,*,#161,.T.);
#207=CARTESIAN_POINT('',(6.777414949,-17.709974769,-1.));
#208=VERTEX_POINT('',#207);
#209=CARTESIAN_POINT('',(9.242366528,-19.,-1.));
#210=CARTESIAN_POINT('',(7.672325265,-19.,-1.));
#211=CARTESIAN_POINT('',(6.777414949,-17.709974769,-1.));
#212=(BOUNDED_CURVE()
B_SPLINE_CURVE(2,(#209,#210,#211),.UNSPECIFIED.,.F.,.F.)
B_SPLINE_CURVE_WITH_KNOTS((3,3),(3.141592654,4.105893361),.UNSPECIFIED.)
CURVE()
GEOMETRIC_REPRESENTATION_ITEM()
RATIONAL_B_SPLINE_CURVE((1.,0.885999884,1.))
REPRESENTATION_ITEM(''));
#213=EDGE_CURVE('',#150,#208,#212,.T.);
#214=ORIENTED_EDGE('',*,*,#213,.T.);
#215=CARTESIAN_POINT('',(-6.97726276,-17.709974769,-1.));
#216=VERTEX_POINT('',#215);
#217=CARTESIAN_POINT('',(-6.97726276,-17.709974769,-1.));
#218=CARTESIAN_POINT('',(-4.480417979,-14.110739507,-1.));
#219=CARTESIAN_POINT('',(-0.099923906,-14.110739507,-1.));
#220=CARTESIAN_POINT('',(4.280570168,-14.110739507,-1.));
#221=CARTESIAN_POINT('',(6.777414949,-17.709974769,-1.));
#222=(BOUNDED_CURVE()
B_SPLINE_CURVE(2,(#217,#218,#219,#220,#221),.UNSPECIFIED.,.F.,.F.)
B_SPLINE_CURVE_WITH_KNOTS((3,2,3),(5.3188846,6.283185307,7.247486015),.UNSPECIFIED.)
CURVE()
GEOMETRIC_REPRESENTATION_ITEM()
RATIONAL_B_SPLINE_CURVE((1.,0.885999884,1.,0.885999884,1.))
REPRESENTATION_ITEM(''));
#223=EDGE_CURVE('',#216,#208,#222,.T.);
#224=ORIENTED_EDGE('',*,*,#223,.F.);
#225=CARTESIAN_POINT('',(-6.97726276,-17.709974769,-1.));
#226=CARTESIAN_POINT('',(-7.872173076,-19.,-1.));
#227=CARTESIAN_POINT('',(-9.44221434,-19.,-1.));
#228=(BOUNDED_CURVE()
B_SPLINE_CURVE(2,(#225,#226,#227),.UNSPECIFIED.,.F.,.F.)
B_SPLINE_CURVE_WITH_KNOTS((3,3),(2.177291946,3.141592654),.UNSPECIFIED.)
CURVE()
GEOMETRIC_REPRESENTATION_ITEM()
RATIONAL_B_SPLINE_CURVE((1.,0.885999884,1.))
REPRESENTATION_ITEM(''));
#229=EDGE_CURVE('',#216,#105,#228,.T.);
#230=ORIENTED_EDGE('',*,*,#229,.T.);
#231=ORIENTED_EDGE('',*,*,#111,.T.);
#232=CARTESIAN_POINT('',(-12.663640775,-16.,-1.));
#233=VERTEX_POINT('',#232);
#234=CARTESIAN_POINT('',(-9.663640775,-19.,-1.));
#235=CARTESIAN_POINT('',(-12.663640775,-19.,-1.));
#236=CARTESIAN_POINT('',(-12.663640775,-16.,-1.));
#237=(BOUNDED_CURVE()
B_SPLINE_CURVE(2,(#234,#235,#236),.UNSPECIFIED.,.F.,.F.)
B_SPLINE_CURVE_WITH_KNOTS((3,3),(3.141592654,4.71238898),.UNSPECIFIED.)
CURVE()
GEOMETRIC_REPRESENTATION_ITEM()
RATIONAL_B_SPLINE_CURVE((1.,0.707106781,1.))
REPRESENTATION_ITEM(''));
#238=EDGE_CURVE('',#107,#233,#237,.T.);
#239=ORIENTED_EDGE('',*,*,#238,.T.);
#240=CARTESIAN_POINT('',(-12.663640775,-3.363038303,-1.));
#241=VERTEX_POINT('',#240);
#242=CARTESIAN_POINT('',(-12.663640775,-16.,-1.));
#243=CARTESIAN_POINT('',(-12.663640775,-3.363038303,-1.));
#244=B_SPLINE_CURVE_WITH_KNOTS('',1,(#242,#243),.UNSPECIFIED.,.F.,.F.,(2,2),(-0.017,-0.004363038),.UNSPECIFIED.);
#245=EDGE_CURVE('',#233,#241,#244,.T.);
#246=ORIENTED_EDGE('',*,*,#245,.T.);
#247=CARTESIAN_POINT('',(-14.210745807,-0.738329517,-1.));
#248=VERTEX_POINT('',#247);
#249=CARTESIAN_POINT('',(-12.663640775,-3.363038303,-1.));
#250=CARTESIAN_POINT('',(-12.663640775,-1.594722092,-1.));
#251=CARTESIAN_POINT('',(-14.210745807,-0.738329517,-1.));
#252=(BOUNDED_CURVE()
B_SPLINE_CURVE(2,(#249,#250,#251),.UNSPECIFIED.,.F.,.F.)
B_SPLINE_CURVE_WITH_KNOTS((3,3),(0.505560984,1.570796327),.UNSPECIFIED.)
CURVE()
GEOMETRIC_REPRESENTATION_ITEM()
RATIONAL_B_SPLINE_CURVE((1.,0.861480796,1.))
REPRESENTATION_ITEM(''));
#253=EDGE_CURVE('',#241,#248,#252,.T.);
#254=ORIENTED_EDGE('',*,*,#253,.T.);
#255=CARTESIAN_POINT('',(-15.5,1.448927805,-1.));
#256=VERTEX_POINT('',#255);
#257=CARTESIAN_POINT('',(-14.210745807,-0.738329517,-1.));
#258=CARTESIAN_POINT('',(-15.5,-0.024669038,-1.));
#259=CARTESIAN_POINT('',(-15.5,1.448927805,-1.));
#260=(BOUNDED_CURVE()
B_SPLINE_CURVE(2,(#257,#258,#259),.UNSPECIFIED.,.F.,.F.)
B_SPLINE_CURVE_WITH_KNOTS((3,3),(3.647153637,4.71238898),.UNSPECIFIED.)
CURVE()
GEOMETRIC_REPRESENTATION_ITEM()
RATIONAL_B_SPLINE_CURVE((1.,0.861480796,1.))
REPRESENTATION_ITEM(''));
#261=EDGE_CURVE('',#248,#256,#260,.T.);
#262=ORIENTED_EDGE('',*,*,#261,.T.);
#263=CARTESIAN_POINT('',(-15.5,1.516488857,-1.));
#264=VERTEX_POINT('',#263);
#265=CARTESIAN_POINT('',(-15.5,1.448927805,-1.));
#266=CARTESIAN_POINT('',(-15.5,1.516488857,-1.));
#267=B_SPLINE_CURVE_WITH_KNOTS('',1,(#265,#266),.UNSPECIFIED.,.F.,.F.,(2,2),(0.020448928,0.020516489),.UNSPECIFIED.);
#268=EDGE_CURVE('',#256,#264,#267,.T.);
#269=ORIENTED_EDGE('',*,*,#268,.T.);
#270=CARTESIAN_POINT('',(-14.062768067,4.077300441,-1.));
#271=VERTEX_POINT('',#270);
#272=CARTESIAN_POINT('',(-15.5,1.516488857,-1.));
#273=CARTESIAN_POINT('',(-15.5,3.200211246,-1.));
#274=CARTESIAN_POINT('',(-14.062768067,4.077300441,-1.));
#275=(BOUNDED_CURVE()
B_SPLINE_CURVE(2,(#272,#273,#274),.UNSPECIFIED.,.F.,.F.)
B_SPLINE_CURVE_WITH_KNOTS((3,3),(4.71238898,5.735253779),.UNSPECIFIED.)
CURVE()
GEOMETRIC_REPRESENTATION_ITEM()
RATIONAL_B_SPLINE_CURVE((1.,0.872044348,1.))
REPRESENTATION_ITEM(''));
#276=EDGE_CURVE('',#264,#271,#275,.T.);
#277=ORIENTED_EDGE('',*,*,#276,.T.);
#278=CARTESIAN_POINT('',(-14.062768067,15.406500843,-1.));
#279=VERTEX_POINT('',#278);
#280=CARTESIAN_POINT('',(-14.062768067,15.406500843,-1.));
#281=CARTESIAN_POINT('',(-10.883563339,13.466350439,-1.));
#282=CARTESIAN_POINT('',(-10.883563339,9.741900642,-1.));
#283=CARTESIAN_POINT('',(-10.883563339,6.017450844,-1.));
#284=CARTESIAN_POINT('',(-14.062768067,4.077300441,-1.));
#285=(BOUNDED_CURVE()
B_SPLINE_CURVE(2,(#280,#281,#282,#283,#284),.UNSPECIFIED.,.F.,.F.)
B_SPLINE_CURVE_WITH_KNOTS((3,2,3),(0.547931528,1.570796327,2.593661125),.UNSPECIFIED.)
CURVE()
GEOMETRIC_REPRESENTATION_ITEM()
RATIONAL_B_SPLINE_CURVE((1.,0.872044348,1.,0.872044348,1.))
REPRESENTATION_ITEM(''));
#286=EDGE_CURVE('',#279,#271,#285,.T.);
#287=ORIENTED_EDGE('',*,*,#286,.F.);
#288=CARTESIAN_POINT('',(-14.062768067,15.406500843,-1.));
#289=CARTESIAN_POINT('',(-15.5,16.283590037,-1.));
#290=CARTESIAN_POINT('',(-15.5,17.967312426,-1.));
#291=(BOUNDED_CURVE()
B_SPLINE_CURVE(2,(#288,#289,#290),.UNSPECIFIED.,.F.,.F.)
B_SPLINE_CURVE_WITH_KNOTS((3,3),(3.689524182,4.71238898),.UNSPECIFIED.)
CURVE()
GEOMETRIC_REPRESENTATION_ITEM()
RATIONAL_B_SPLINE_CURVE((1.,0.872044348,1.))
REPRESENTATION_ITEM(''));
#292=EDGE_CURVE('',#279,#33,#291,.T.);
#293=ORIENTED_EDGE('',*,*,#292,.T.);
#294=ORIENTED_EDGE('',*,*,#39,.T.);
#295=CARTESIAN_POINT('',(-12.5,21.,-1.));
#296=VERTEX_POINT('',#295);
#297=CARTESIAN_POINT('',(-15.5,18.,-1.));
#298=CARTESIAN_POINT('',(-15.5,21.,-1.));
#299=CARTESIAN_POINT('',(-12.5,21.,-1.));
#300=(BOUNDED_CURVE()
B_SPLINE_CURVE(2,(#297,#298,#299),.UNSPECIFIED.,.F.,.F.)
B_SPLINE_CURVE_WITH_KNOTS((3,3),(4.71238898,6.283185307),.UNSPECIFIED.)
CURVE()
GEOMETRIC_REPRESENTATION_ITEM()
RATIONAL_B_SPLINE_CURVE((1.,0.707106781,1.))
REPRESENTATION_ITEM(''));
#301=EDGE_CURVE('',#35,#296,#300,.T.);
#302=ORIENTED_EDGE('',*,*,#301,.T.);
#303=CARTESIAN_POINT('',(-11.859572064,21.,-1.));
#304=VERTEX_POINT('',#303);
#305=CARTESIAN_POINT('',(-12.5,21.,-1.));
#306=CARTESIAN_POINT('',(-11.859572064,21.,-1.));
#307=B_SPLINE_CURVE_WITH_KNOTS('',1,(#305,#306),.UNSPECIFIED.,.F.,.F.,(2,2),(0.003,0.003640428),.UNSPECIFIED.);
#308=EDGE_CURVE('',#296,#304,#307,.T.);
#309=ORIENTED_EDGE('',*,*,#308,.T.);
#310=CARTESIAN_POINT('',(-5.399849916,17.719320901,-1.));
#311=VERTEX_POINT('',#310);
#312=CARTESIAN_POINT('',(-11.859572064,21.,-1.));
#313=CARTESIAN_POINT('',(-7.796636819,21.,-1.));
#314=CARTESIAN_POINT('',(-5.399849916,17.719320901,-1.));
#315=(BOUNDED_CURVE()
B_SPLINE_CURVE(2,(#312,#313,#314),.UNSPECIFIED.,.F.,.F.)
B_SPLINE_CURVE_WITH_KNOTS((3,3),(6.283185307,7.223027925),.UNSPECIFIED.)
CURVE()
GEOMETRIC_REPRESENTATION_ITEM()
RATIONAL_B_SPLINE_CURVE((1.,0.891603923,1.))
REPRESENTATION_ITEM(''));
#316=EDGE_CURVE('',#304,#311,#315,.T.);
#317=ORIENTED_EDGE('',*,*,#316,.T.);
#318=CARTESIAN_POINT('',(-0.04143001,14.997956765,-1.));
#319=VERTEX_POINT('',#318);
#320=CARTESIAN_POINT('',(5.316989896,17.719320901,-1.));
#321=CARTESIAN_POINT('',(3.328825335,14.997956765,-1.));
#322=CARTESIAN_POINT('',(-0.04143001,14.997956765,-1.));
#323=CARTESIAN_POINT('',(-3.411685354,14.997956765,-1.));
#324=CARTESIAN_POINT('',(-5.399849916,17.719320901,-1.));
#325=(BOUNDED_CURVE()
B_SPLINE_CURVE(2,(#320,#321,#322,#323,#324),.UNSPECIFIED.,.F.,.F.)
B_SPLINE_CURVE_WITH_KNOTS((3,2,3),(2.201750035,3.141592654,4.081435272),.UNSPECIFIED.)
CURVE()
GEOMETRIC_REPRESENTATION_ITEM()
RATIONAL_B_SPLINE_CURVE((1.,0.891603923,1.,0.891603923,1.))
REPRESENTATION_ITEM(''));
#326=EDGE_CURVE('',#319,#311,#325,.T.);
#327=ORIENTED_EDGE('',*,*,#326,.F.);
#328=CARTESIAN_POINT('',(5.316989896,17.719320901,-1.));
#329=VERTEX_POINT('',#328);
#330=CARTESIAN_POINT('',(5.316989896,17.719320901,-1.));
#331=CARTESIAN_POINT('',(3.328825335,14.997956765,-1.));
#332=CARTESIAN_POINT('',(-0.04143001,14.997956765,-1.));
#333=CARTESIAN_POINT('',(-3.411685354,14.997956765,-1.));
#334=CARTESIAN_POINT('',(-5.399849916,17.719320901,-1.));
#335=(BOUNDED_CURVE()
B_SPLINE_CURVE(2,(#330,#331,#332,#333,#334),.UNSPECIFIED.,.F.,.F.)
B_SPLINE_CURVE_WITH_KNOTS((3,2,3),(2.201750035,3.141592654,4.081435272),.UNSPECIFIED.)
CURVE()
GEOMETRIC_REPRESENTATION_ITEM()
RATIONAL_B_SPLINE_CURVE((1.,0.891603923,1.,0.891603923,1.))
REPRESENTATION_ITEM(''));
#336=EDGE_CURVE('',#329,#319,#335,.T.);
#337=ORIENTED_EDGE('',*,*,#336,.F.);
#338=CARTESIAN_POINT('',(5.316989896,17.719320901,-1.));
#339=CARTESIAN_POINT('',(7.713776799,21.,-1.));
#340=CARTESIAN_POINT('',(11.776712044,21.,-1.));
#341=(BOUNDED_CURVE()
B_SPLINE_CURVE(2,(#338,#339,#340),.UNSPECIFIED.,.F.,.F.)
B_SPLINE_CURVE_WITH_KNOTS((3,3),(5.343342689,6.283185307),.UNSPECIFIED.)
CURVE()
GEOMETRIC_REPRESENTATION_ITEM()
RATIONAL_B_SPLINE_CURVE((1.,0.891603923,1.))
REPRESENTATION_ITEM(''));
#342=EDGE_CURVE('',#329,#69,#341,.T.);
#343=ORIENTED_EDGE('',*,*,#342,.T.);
#344=ORIENTED_EDGE('',*,*,#75,.T.);
#345=CARTESIAN_POINT('',(15.5,18.,-1.));
#346=VERTEX_POINT('',#345);
#347=CARTESIAN_POINT('',(12.5,21.,-1.));
#348=CARTESIAN_POINT('',(15.5,21.,-1.));
#349=CARTESIAN_POINT('',(15.5,18.,-1.));
#350=(BOUNDED_CURVE()
B_SPLINE_CURVE(2,(#347,#348,#349),.UNSPECIFIED.,.F.,.F.)
B_SPLINE_CURVE_WITH_KNOTS((3,3),(6.283185307,7.853981634),.UNSPECIFIED.)
CURVE()
GEOMETRIC_REPRESENTATION_ITEM()
RATIONAL_B_SPLINE_CURVE((1.,0.707106781,1.))
REPRESENTATION_ITEM(''));
#351=EDGE_CURVE('',#71,#346,#350,.T.);
#352=ORIENTED_EDGE('',*,*,#351,.T.);
#353=CARTESIAN_POINT('',(15.5,17.928449256,-1.));
#354=VERTEX_POINT('',#353);
#355=CARTESIAN_POINT('',(15.5,18.,-1.));
#356=CARTESIAN_POINT('',(15.5,17.928449256,-1.));
#357=B_SPLINE_CURVE_WITH_KNOTS('',1,(#355,#356),.UNSPECIFIED.,.F.,.F.,(2,2),(0.003,0.003071551),.UNSPECIFIED.);
#358=EDGE_CURVE('',#346,#354,#357,.T.);
#359=ORIENTED_EDGE('',*,*,#358,.T.);
#360=CARTESIAN_POINT('',(14.082423901,15.379736915,-1.));
#361=VERTEX_POINT('',#360);
#362=CARTESIAN_POINT('',(15.5,17.928449256,-1.));
#363=CARTESIAN_POINT('',(15.5,16.259870097,-1.));
#364=CARTESIAN_POINT('',(14.082423901,15.379736915,-1.));
#365=(BOUNDED_CURVE()
B_SPLINE_CURVE(2,(#362,#363,#364),.UNSPECIFIED.,.F.,.F.)
B_SPLINE_CURVE_WITH_KNOTS((3,3),(1.570796327,2.585967361),.UNSPECIFIED.)
CURVE()
GEOMETRIC_REPRESENTATION_ITEM()
RATIONAL_B_SPLINE_CURVE((1.,0.873920658,1.))
REPRESENTATION_ITEM(''));
#366=EDGE_CURVE('',#354,#361,#365,.T.);
#367=ORIENTED_EDGE('',*,*,#366,.T.);
#368=CARTESIAN_POINT('',(14.082423901,4.104064368,-1.));
#369=VERTEX_POINT('',#368);
#370=CARTESIAN_POINT('',(14.082423901,4.104064368,-1.));
#371=CARTESIAN_POINT('',(10.946698531,6.050948171,-1.));
#372=CARTESIAN_POINT('',(10.946698531,9.741900642,-1.));
#373=CARTESIAN_POINT('',(10.946698531,13.432853112,-1.));
#374=CARTESIAN_POINT('',(14.082423901,15.379736915,-1.));
#375=(BOUNDED_CURVE()
B_SPLINE_CURVE(2,(#370,#371,#372,#373,#374),.UNSPECIFIED.,.F.,.F.)
B_SPLINE_CURVE_WITH_KNOTS((3,2,3),(3.697217946,4.71238898,5.727560014),.UNSPECIFIED.)
CURVE()
GEOMETRIC_REPRESENTATION_ITEM()
RATIONAL_B_SPLINE_CURVE((1.,0.873920658,1.,0.873920658,1.))
REPRESENTATION_ITEM(''));
#376=EDGE_CURVE('',#369,#361,#375,.T.);
#377=ORIENTED_EDGE('',*,*,#376,.F.);
#378=CARTESIAN_POINT('',(15.490894449,1.788912286,-1.));
#379=VERTEX_POINT('',#378);
#380=CARTESIAN_POINT('',(14.082423901,4.104064368,-1.));
#381=CARTESIAN_POINT('',(15.372659181,3.302993524,-1.));
#382=CARTESIAN_POINT('',(15.490894449,1.788912286,-1.));
#383=(BOUNDED_CURVE()
B_SPLINE_CURVE(2,(#380,#381,#382),.UNSPECIFIED.,.F.,.F.)
B_SPLINE_CURVE_WITH_KNOTS((3,3),(0.555625293,1.492864045),.UNSPECIFIED.)
CURVE()
GEOMETRIC_REPRESENTATION_ITEM()
RATIONAL_B_SPLINE_CURVE((1.,0.892192704,1.))
REPRESENTATION_ITEM(''));
#384=EDGE_CURVE('',#369,#379,#383,.T.);
#385=ORIENTED_EDGE('',*,*,#384,.T.);
#386=CARTESIAN_POINT('',(14.156949259,-0.621111647,-1.));
#387=VERTEX_POINT('',#386);
#388=CARTESIAN_POINT('',(15.490894449,1.788912286,-1.));
#389=CARTESIAN_POINT('',(15.619376254,0.143617318,-1.));
#390=CARTESIAN_POINT('',(14.156949259,-0.621111647,-1.));
#391=(BOUNDED_CURVE()
B_SPLINE_CURVE(2,(#388,#389,#390),.UNSPECIFIED.,.F.,.F.)
B_SPLINE_CURVE_WITH_KNOTS((3,3),(1.492864045,2.659779425),.UNSPECIFIED.)
CURVE()
GEOMETRIC_REPRESENTATION_ITEM()
RATIONAL_B_SPLINE_CURVE((1.,0.834562757,1.))
REPRESENTATION_ITEM(''));
#392=EDGE_CURVE('',#379,#387,#391,.T.);
#393=ORIENTED_EDGE('',*,*,#392,.T.);
#394=CARTESIAN_POINT('',(12.547111456,-3.283022869,-1.));
#395=VERTEX_POINT('',#394);
#396=CARTESIAN_POINT('',(14.156949259,-0.621111647,-1.));
#397=CARTESIAN_POINT('',(12.545023987,-1.464015908,-1.));
#398=CARTESIAN_POINT('',(12.547111456,-3.283022869,-1.));
#399=(BOUNDED_CURVE()
B_SPLINE_CURVE(2,(#396,#397,#398),.UNSPECIFIED.,.F.,.F.)
B_SPLINE_CURVE_WITH_KNOTS((3,3),(4.711241393,5.801372078),.UNSPECIFIED.)
CURVE()
GEOMETRIC_REPRESENTATION_ITEM()
RATIONAL_B_SPLINE_CURVE((1.,0.855093414,1.))
REPRESENTATION_ITEM(''));
#400=EDGE_CURVE('',#387,#395,#399,.T.);
#401=ORIENTED_EDGE('',*,*,#400,.T.);
#402=CARTESIAN_POINT('',(12.56170135,-15.99655724,-1.));
#403=VERTEX_POINT('',#402);
#404=CARTESIAN_POINT('',(12.547111456,-3.283022869,-1.));
#405=CARTESIAN_POINT('',(12.56170135,-15.99655724,-1.));
#406=B_SPLINE_CURVE_WITH_KNOTS('',1,(#404,#405),.UNSPECIFIED.,.F.,.F.,(2,2),(0.004297419,0.017010962),.UNSPECIFIED.);
#407=EDGE_CURVE('',#395,#403,#406,.T.);
#408=ORIENTED_EDGE('',*,*,#407,.T.);
#409=CARTESIAN_POINT('',(12.56170135,-15.99655724,-1.));
#410=CARTESIAN_POINT('',(12.563128545,-17.240205589,-1.));
#411=CARTESIAN_POINT('',(11.684240519,-18.120102795,-1.));
#412=CARTESIAN_POINT('',(10.805352493,-19.,-1.));
#413=CARTESIAN_POINT('',(9.561703325,-19.,-1.));
#414=(BOUNDED_CURVE()
B_SPLINE_CURVE(2,(#409,#410,#411,#412,#413),.UNSPECIFIED.,.F.,.F.)
B_SPLINE_CURVE_WITH_KNOTS((3,2,3),(1.56964874,2.355620697,3.141592654),.UNSPECIFIED.)
CURVE()
GEOMETRIC_REPRESENTATION_ITEM()
RATIONAL_B_SPLINE_CURVE((1.,0.923769704,1.,0.923769704,1.))
REPRESENTATION_ITEM(''));
#415=EDGE_CURVE('',#403,#157,#414,.T.);
#416=ORIENTED_EDGE('',*,*,#415,.T.);
#417=EDGE_LOOP('',(#206,#214,#224,#230,#231,#239,#246,#254,#262,#269,#277,#287,#293,#294,#302,#309,#317,#327,#337,#343,#344,#352,#359,#367,#377,#385,
#393,#401,#408,#416));
#418=FACE_BOUND('',#417,.T.);
#419=CARTESIAN_POINT('',(9.636620186,-18.010103547,-1.));
#420=VERTEX_POINT('',#419);
#421=CARTESIAN_POINT('',(9.636620186,-15.010103547,-1.));
#422=VERTEX_POINT('',#421);
#423=CARTESIAN_POINT('',(9.636620186,-15.010103547,-1.));
#424=CARTESIAN_POINT('',(11.136620186,-15.010103547,-1.));
#425=CARTESIAN_POINT('',(11.136620186,-16.510103547,-1.));
#426=CARTESIAN_POINT('',(11.136620186,-18.010103547,-1.));
#427=CARTESIAN_POINT('',(9.636620186,-18.010103547,-1.));
#428=CARTESIAN_POINT('',(8.136620186,-18.010103547,-1.));
#429=CARTESIAN_POINT('',(8.136620186,-16.510103547,-1.));
#430=CARTESIAN_POINT('',(8.136620186,-15.010103547,-1.));
#431=CARTESIAN_POINT('',(9.636620186,-15.010103547,-1.));
#432=(BOUNDED_CURVE()
B_SPLINE_CURVE(2,(#423,#424,#425,#426,#427,#428,#429,#430,#431),.UNSPECIFIED.,.T.,.F.)
B_SPLINE_CURVE_WITH_KNOTS((3,2,2,2,3),(0.,1.570796327,3.141592654,4.71238898,6.283185307),.UNSPECIFIED.)
CURVE()
GEOMETRIC_REPRESENTATION_ITEM()
RATIONAL_B_SPLINE_CURVE((1.,0.707106781,1.,0.707106781,1.,0.707106781,1.,0.707106781,1.))
REPRESENTATION_ITEM(''));
#433=EDGE_CURVE('',#420,#422,#432,.T.);
#434=ORIENTED_EDGE('',*,*,#433,.F.);
#435=CARTESIAN_POINT('',(9.636620186,-15.010103547,-1.));
#436=CARTESIAN_POINT('',(11.136620186,-15.010103547,-1.));
#437=CARTESIAN_POINT('',(11.136620186,-16.510103547,-1.));
#438=CARTESIAN_POINT('',(11.136620186,-18.010103547,-1.));
#439=CARTESIAN_POINT('',(9.636620186,-18.010103547,-1.));
#440=CARTESIAN_POINT('',(8.136620186,-18.010103547,-1.));
#441=CARTESIAN_POINT('',(8.136620186,-16.510103547,-1.));
#442=CARTESIAN_POINT('',(8.136620186,-15.010103547,-1.));
#443=CARTESIAN_POINT('',(9.636620186,-15.010103547,-1.));
#444=(BOUNDED_CURVE()
B_SPLINE_CURVE(2,(#435,#436,#437,#438,#439,#440,#441,#442,#443),.UNSPECIFIED.,.T.,.F.)
B_SPLINE_CURVE_WITH_KNOTS((3,2,2,2,3),(0.,1.570796327,3.141592654,4.71238898,6.283185307),.UNSPECIFIED.)
CURVE()
GEOMETRIC_REPRESENTATION_ITEM()
RATIONAL_B_SPLINE_CURVE((1.,0.707106781,1.,0.707106781,1.,0.707106781,1.,0.707106781,1.))
REPRESENTATION_ITEM(''));
#445=EDGE_CURVE('',#422,#420,#444,.T.);
#446=ORIENTED_EDGE('',*,*,#445,.F.);
#447=EDGE_LOOP('',(#434,#446));
#448=FACE_BOUND('',#447,.T.);
#449=CARTESIAN_POINT('',(-9.663379814,-18.010103547,-1.));
#450=VERTEX_POINT('',#449);
#451=CARTESIAN_POINT('',(-9.663379814,-15.010103547,-1.));
#452=VERTEX_POINT('',#451);
#453=CARTESIAN_POINT('',(-9.663379814,-15.010103547,-1.));
#454=CARTESIAN_POINT('',(-8.163379814,-15.010103547,-1.));
#455=CARTESIAN_POINT('',(-8.163379814,-16.510103547,-1.));
#456=CARTESIAN_POINT('',(-8.163379814,-18.010103547,-1.));
#457=CARTESIAN_POINT('',(-9.663379814,-18.010103547,-1.));
#458=CARTESIAN_POINT('',(-11.163379814,-18.010103547,-1.));
#459=CARTESIAN_POINT('',(-11.163379814,-16.510103547,-1.));
#460=CARTESIAN_POINT('',(-11.163379814,-15.010103547,-1.));
#461=CARTESIAN_POINT('',(-9.663379814,-15.010103547,-1.));
#462=(BOUNDED_CURVE()
B_SPLINE_CURVE(2,(#453,#454,#455,#456,#457,#458,#459,#460,#461),.UNSPECIFIED.,.T.,.F.)
B_SPLINE_CURVE_WITH_KNOTS((3,2,2,2,3),(0.,1.570796327,3.141592654,4.71238898,6.283185307),.UNSPECIFIED.)
CURVE()
GEOMETRIC_REPRESENTATION_ITEM()
RATIONAL_B_SPLINE_CURVE((1.,0.707106781,1.,0.707106781,1.,0.707106781,1.,0.707106781,1.))
REPRESENTATION_ITEM(''));
#463=EDGE_CURVE('',#450,#452,#462,.T.);
#464=ORIENTED_EDGE('',*,*,#463,.F.);
#465=CARTESIAN_POINT('',(-9.663379814,-15.010103547,-1.));
#466=CARTESIAN_POINT('',(-8.163379814,-15.010103547,-1.));
#467=CARTESIAN_POINT('',(-8.163379814,-16.510103547,-1.));
#468=CARTESIAN_POINT('',(-8.163379814,-18.010103547,-1.));
#469=CARTESIAN_POINT('',(-9.663379814,-18.010103547,-1.));
#470=CARTESIAN_POINT('',(-11.163379814,-18.010103547,-1.));
#471=CARTESIAN_POINT('',(-11.163379814,-16.510103547,-1.));
#472=CARTESIAN_POINT('',(-11.163379814,-15.010103547,-1.));
#473=CARTESIAN_POINT('',(-9.663379814,-15.010103547,-1.));
#474=(BOUNDED_CURVE()
B_SPLINE_CURVE(2,(#465,#466,#467,#468,#469,#470,#471,#472,#473),.UNSPECIFIED.,.T.,.F.)
B_SPLINE_CURVE_WITH_KNOTS((3,2,2,2,3),(0.,1.570796327,3.141592654,4.71238898,6.283185307),.UNSPECIFIED.)
CURVE()
GEOMETRIC_REPRESENTATION_ITEM()
RATIONAL_B_SPLINE_CURVE((1.,0.707106781,1.,0.707106781,1.,0.707106781,1.,0.707106781,1.))
REPRESENTATION_ITEM(''));
#475=EDGE_CURVE('',#452,#450,#474,.T.);
#476=ORIENTED_EDGE('',*,*,#475,.F.);
#477=EDGE_LOOP('',(#464,#476));
#478=FACE_BOUND('',#477,.T.);
#479=CARTESIAN_POINT('',(11.,16.374340462,-1.));
#480=VERTEX_POINT('',#479);
#481=CARTESIAN_POINT('',(11.,18.674340462,-1.));
#482=VERTEX_POINT('',#481);
#483=CARTESIAN_POINT('',(11.,18.674340462,-1.));
#484=CARTESIAN_POINT('',(12.15,18.674340462,-1.));
#485=CARTESIAN_POINT('',(12.15,17.524340462,-1.));
#486=CARTESIAN_POINT('',(12.15,16.374340462,-1.));
#487=CARTESIAN_POINT('',(11.,16.374340462,-1.));
#488=CARTESIAN_POINT('',(9.85,16.374340462,-1.));
#489=CARTESIAN_POINT('',(9.85,17.524340462,-1.));
#490=CARTESIAN_POINT('',(9.85,18.674340462,-1.));
#491=CARTESIAN_POINT('',(11.,18.674340462,-1.));
#492=(BOUNDED_CURVE()
B_SPLINE_CURVE(2,(#483,#484,#485,#486,#487,#488,#489,#490,#491),.UNSPECIFIED.,.T.,.F.)
B_SPLINE_CURVE_WITH_KNOTS((3,2,2,2,3),(0.,1.570796327,3.141592654,4.71238898,6.283185307),.UNSPECIFIED.)
CURVE()
GEOMETRIC_REPRESENTATION_ITEM()
RATIONAL_B_SPLINE_CURVE((1.,0.707106781,1.,0.707106781,1.,0.707106781,1.,0.707106781,1.))
REPRESENTATION_ITEM(''));
#493=EDGE_CURVE('',#480,#482,#492,.T.);
#494=ORIENTED_EDGE('',*,*,#493,.F.);
#495=CARTESIAN_POINT('',(11.,18.674340462,-1.));
#496=CARTESIAN_POINT('',(12.15,18.674340462,-1.));
#497=CARTESIAN_POINT('',(12.15,17.524340462,-1.));
#498=CARTESIAN_POINT('',(12.15,16.374340462,-1.));
#499=CARTESIAN_POINT('',(11.,16.374340462,-1.));
#500=CARTESIAN_POINT('',(9.85,16.374340462,-1.));
#501=CARTESIAN_POINT('',(9.85,17.524340462,-1.));
#502=CARTESIAN_POINT('',(9.85,18.674340462,-1.));
#503=CARTESIAN_POINT('',(11.,18.674340462,-1.));
#504=(BOUNDED_CURVE()
B_SPLINE_CURVE(2,(#495,#496,#497,#498,#499,#500,#501,#502,#503),.UNSPECIFIED.,.T.,.F.)
B_SPLINE_CURVE_WITH_KNOTS((3,2,2,2,3),(0.,1.570796327,3.141592654,4.71238898,6.283185307),.UNSPECIFIED.)
CURVE()
GEOMETRIC_REPRESENTATION_ITEM()
RATIONAL_B_SPLINE_CURVE((1.,0.707106781,1.,0.707106781,1.,0.707106781,1.,0.707106781,1.))
REPRESENTATION_ITEM(''));
#505=EDGE_CURVE('',#482,#480,#504,.T.);
#506=ORIENTED_EDGE('',*,*,#505,.F.);
#507=EDGE_LOOP('',(#494,#506));
#508=FACE_BOUND('',#507,.T.);
#509=CARTESIAN_POINT('',(11.,1.374340462,-1.));
#510=VERTEX_POINT('',#509);
#511=CARTESIAN_POINT('',(11.,3.674340462,-1.));
#512=VERTEX_POINT('',#511);
#513=CARTESIAN_POINT('',(11.,3.674340462,-1.));
#514=CARTESIAN_POINT('',(12.15,3.674340462,-1.));
#515=CARTESIAN_POINT('',(12.15,2.524340462,-1.));
#516=CARTESIAN_POINT('',(12.15,1.374340462,-1.));
#517=CARTESIAN_POINT('',(11.,1.374340462,-1.));
#518=CARTESIAN_POINT('',(9.85,1.374340462,-1.));
#519=CARTESIAN_POINT('',(9.85,2.524340462,-1.));
#520=CARTESIAN_POINT('',(9.85,3.674340462,-1.));
#521=CARTESIAN_POINT('',(11.,3.674340462,-1.));
#522=(BOUNDED_CURVE()
B_SPLINE_CURVE(2,(#513,#514,#515,#516,#517,#518,#519,#520,#521),.UNSPECIFIED.,.T.,.F.)
B_SPLINE_CURVE_WITH_KNOTS((3,2,2,2,3),(0.,1.570796327,3.141592654,4.71238898,6.283185307),.UNSPECIFIED.)
CURVE()
GEOMETRIC_REPRESENTATION_ITEM()
RATIONAL_B_SPLINE_CURVE((1.,0.707106781,1.,0.707106781,1.,0.707106781,1.,0.707106781,1.))
REPRESENTATION_ITEM(''));
#523=EDGE_CURVE('',#510,#512,#522,.T.);
#524=ORIENTED_EDGE('',*,*,#523,.F.);
#525=CARTESIAN_POINT('',(11.,3.674340462,-1.));
#526=CARTESIAN_POINT('',(12.15,3.674340462,-1.));
#527=CARTESIAN_POINT('',(12.15,2.524340462,-1.));
#528=CARTESIAN_POINT('',(12.15,1.374340462,-1.));
#529=CARTESIAN_POINT('',(11.,1.374340462,-1.));
#530=CARTESIAN_POINT('',(9.85,1.374340462,-1.));
#531=CARTESIAN_POINT('',(9.85,2.524340462,-1.));
#532=CARTESIAN_POINT('',(9.85,3.674340462,-1.));
#533=CARTESIAN_POINT('',(11.,3.674340462,-1.));
#534=(BOUNDED_CURVE()
B_SPLINE_CURVE(2,(#525,#526,#527,#528,#529,#530,#531,#532,#533),.UNSPECIFIED.,.T.,.F.)
B_SPLINE_CURVE_WITH_KNOTS((3,2,2,2,3),(0.,1.570796327,3.141592654,4.71238898,6.283185307),.UNSPECIFIED.)
CURVE()
GEOMETRIC_REPRESENTATION_ITEM()
RATIONAL_B_SPLINE_CURVE((1.,0.707106781,1.,0.707106781,1.,0.707106781,1.,0.707106781,1.))
REPRESENTATION_ITEM(''));
#535=EDGE_CURVE('',#512,#510,#534,.T.);
#536=ORIENTED_EDGE('',*,*,#535,.F.);
#537=EDGE_LOOP('',(#524,#536));
#538=FACE_BOUND('',#537,.T.);
#539=CARTESIAN_POINT('',(-11.,1.374340462,-1.));
#540=VERTEX_POINT('',#539);
#541=CARTESIAN_POINT('',(-11.,3.674340462,-1.));
#542=VERTEX_POINT('',#541);
#543=CARTESIAN_POINT('',(-11.,3.674340462,-1.));
#544=CARTESIAN_POINT('',(-9.85,3.674340462,-1.));
#545=CARTESIAN_POINT('',(-9.85,2.524340462,-1.));
#546=CARTESIAN_POINT('',(-9.85,1.374340462,-1.));
#547=CARTESIAN_POINT('',(-11.,1.374340462,-1.));
#548=CARTESIAN_POINT('',(-12.15,1.374340462,-1.));
#549=CARTESIAN_POINT('',(-12.15,2.524340462,-1.));
#550=CARTESIAN_POINT('',(-12.15,3.674340462,-1.));
#551=CARTESIAN_POINT('',(-11.,3.674340462,-1.));
#552=(BOUNDED_CURVE()
B_SPLINE_CURVE(2,(#543,#544,#545,#546,#547,#548,#549,#550,#551),.UNSPECIFIED.,.T.,.F.)
B_SPLINE_CURVE_WITH_KNOTS((3,2,2,2,3),(0.,1.570796327,3.141592654,4.71238898,6.283185307),.UNSPECIFIED.)
CURVE()
GEOMETRIC_REPRESENTATION_ITEM()
RATIONAL_B_SPLINE_CURVE((1.,0.707106781,1.,0.707106781,1.,0.707106781,1.,0.707106781,1.))
REPRESENTATION_ITEM(''));
#553=EDGE_CURVE('',#540,#542,#552,.T.);
#554=ORIENTED_EDGE('',*,*,#553,.F.);
#555=CARTESIAN_POINT('',(-11.,3.674340462,-1.));
#556=CARTESIAN_POINT('',(-9.85,3.674340462,-1.));
#557=CARTESIAN_POINT('',(-9.85,2.524340462,-1.));
#558=CARTESIAN_POINT('',(-9.85,1.374340462,-1.));
#559=CARTESIAN_POINT('',(-11.,1.374340462,-1.));
#560=CARTESIAN_POINT('',(-12.15,1.374340462,-1.));
#561=CARTESIAN_POINT('',(-12.15,2.524340462,-1.));
#562=CARTESIAN_POINT('',(-12.15,3.674340462,-1.));
#563=CARTESIAN_POINT('',(-11.,3.674340462,-1.));
#564=(BOUNDED_CURVE()
B_SPLINE_CURVE(2,(#555,#556,#557,#558,#559,#560,#561,#562,#563),.UNSPECIFIED.,.T.,.F.)
B_SPLINE_CURVE_WITH_KNOTS((3,2,2,2,3),(0.,1.570796327,3.141592654,4.71238898,6.283185307),.UNSPECIFIED.)
CURVE()
GEOMETRIC_REPRESENTATION_ITEM()
RATIONAL_B_SPLINE_CURVE((1.,0.707106781,1.,0.707106781,1.,0.707106781,1.,0.707106781,1.))
REPRESENTATION_ITEM(''));
#565=EDGE_CURVE('',#542,#540,#564,.T.);
#566=ORIENTED_EDGE('',*,*,#565,.F.);
#567=EDGE_LOOP('',(#554,#566));
#568=FACE_BOUND('',#567,.T.);
#569=CARTESIAN_POINT('',(-11.,16.374340462,-1.));
#570=VERTEX_POINT('',#569);
#571=CARTESIAN_POINT('',(-11.,18.674340462,-1.));
#572=VERTEX_POINT('',#571);
#573=CARTESIAN_POINT('',(-11.,18.674340462,-1.));
#574=CARTESIAN_POINT('',(-9.85,18.674340462,-1.));
#575=CARTESIAN_POINT('',(-9.85,17.524340462,-1.));
#576=CARTESIAN_POINT('',(-9.85,16.374340462,-1.));
#577=CARTESIAN_POINT('',(-11.,16.374340462,-1.));
#578=CARTESIAN_POINT('',(-12.15,16.374340462,-1.));
#579=CARTESIAN_POINT('',(-12.15,17.524340462,-1.));
#580=CARTESIAN_POINT('',(-12.15,18.674340462,-1.));
#581=CARTESIAN_POINT('',(-11.,18.674340462,-1.));
#582=(BOUNDED_CURVE()
B_SPLINE_CURVE(2,(#573,#574,#575,#576,#577,#578,#579,#580,#581),.UNSPECIFIED.,.T.,.F.)
B_SPLINE_CURVE_WITH_KNOTS((3,2,2,2,3),(0.,1.570796327,3.141592654,4.71238898,6.283185307),.UNSPECIFIED.)
CURVE()
GEOMETRIC_REPRESENTATION_ITEM()
RATIONAL_B_SPLINE_CURVE((1.,0.707106781,1.,0.707106781,1.,0.707106781,1.,0.707106781,1.))
REPRESENTATION_ITEM(''));
#583=EDGE_CURVE('',#570,#572,#582,.T.);
#584=ORIENTED_EDGE('',*,*,#583,.F.);
#585=CARTESIAN_POINT('',(-11.,18.674340462,-1.));
#586=CARTESIAN_POINT('',(-9.85,18.674340462,-1.));
#587=CARTESIAN_POINT('',(-9.85,17.524340462,-1.));
#588=CARTESIAN_POINT('',(-9.85,16.374340462,-1.));
#589=CARTESIAN_POINT('',(-11.,16.374340462,-1.));
#590=CARTESIAN_POINT('',(-12.15,16.374340462,-1.));
#591=CARTESIAN_POINT('',(-12.15,17.524340462,-1.));
#592=CARTESIAN_POINT('',(-12.15,18.674340462,-1.));
#593=CARTESIAN_POINT('',(-11.,18.674340462,-1.));
#594=(BOUNDED_CURVE()
B_SPLINE_CURVE(2,(#585,#586,#587,#588,#589,#590,#591,#592,#593),.UNSPECIFIED.,.T.,.F.)
B_SPLINE_CURVE_WITH_KNOTS((3,2,2,2,3),(0.,1.570796327,3.141592654,4.71238898,6.283185307),.UNSPECIFIED.)
CURVE()
GEOMETRIC_REPRESENTATION_ITEM()
RATIONAL_B_SPLINE_CURVE((1.,0.707106781,1.,0.707106781,1.,0.707106781,1.,0.707106781,1.))
REPRESENTATION_ITEM(''));
#595=EDGE_CURVE('',#572,#570,#594,.T.);
#596=ORIENTED_EDGE('',*,*,#595,.F.);
#597=EDGE_LOOP('',(#584,#596));
#598=FACE_BOUND('',#597,.T.);
#599=ADVANCED_FACE('',(#205,#418,#448,#478,#508,#538,#568,#598),#175,.T.);
#600=CARTESIAN_POINT('',(-15.5,-19.,1.));
#601=CARTESIAN_POINT('',(15.619376254,-19.,1.));
#602=CARTESIAN_POINT('',(-15.5,21.,1.));
#603=CARTESIAN_POINT('',(15.619376254,21.,1.));
#604=B_SPLINE_SURFACE_WITH_KNOTS('',1,1,((#600,#601),(#602,#603)),.UNSPECIFIED.,.F.,.F.,.U.,(2,2),(2,2),(-0.02,0.02),(-0.0155,0.015619376),.UNSPECIFIED.);
#605=CARTESIAN_POINT('',(-0.005496104,5.860246949,1.));
#606=VERTEX_POINT('',#605);
#607=CARTESIAN_POINT('',(-0.005496104,-2.200738575,1.));
#608=VERTEX_POINT('',#607);
#609=CARTESIAN_POINT('',(-0.005496104,5.860246949,1.));
#610=CARTESIAN_POINT('',(4.024996658,5.860246949,1.));
#611=CARTESIAN_POINT('',(4.024996658,1.829754187,1.));
#612=CARTESIAN_POINT('',(4.024996658,-2.200738575,1.));
#613=CARTESIAN_POINT('',(-0.005496104,-2.200738575,1.));
#614=CARTESIAN_POINT('',(-4.035988865,-2.200738575,1.));
#615=CARTESIAN_POINT('',(-4.035988865,1.829754187,1.));
#616=CARTESIAN_POINT('',(-4.035988865,5.860246949,1.));
#617=CARTESIAN_POINT('',(-0.005496104,5.860246949,1.));
#618=(BOUNDED_CURVE()
B_SPLINE_CURVE(2,(#609,#610,#611,#612,#613,#614,#615,#616,#617),.UNSPECIFIED.,.T.,.F.)
B_SPLINE_CURVE_WITH_KNOTS((3,2,2,2,3),(0.,1.570796327,3.141592654,4.71238898,6.283185307),.UNSPECIFIED.)
CURVE()
GEOMETRIC_REPRESENTATION_ITEM()
RATIONAL_B_SPLINE_CURVE((1.,0.707106781,1.,0.707106781,1.,0.707106781,1.,0.707106781,1.))
REPRESENTATION_ITEM(''));
#619=EDGE_CURVE('',#606,#608,#618,.T.);
#620=ORIENTED_EDGE('',*,*,#619,.T.);
#621=CARTESIAN_POINT('',(-0.005496104,5.860246949,1.));
#622=CARTESIAN_POINT('',(4.024996658,5.860246949,1.));
#623=CARTESIAN_POINT('',(4.024996658,1.829754187,1.));
#624=CARTESIAN_POINT('',(4.024996658,-2.200738575,1.));
#625=CARTESIAN_POINT('',(-0.005496104,-2.200738575,1.));
#626=CARTESIAN_POINT('',(-4.035988865,-2.200738575,1.));
#627=CARTESIAN_POINT('',(-4.035988865,1.829754187,1.));
#628=CARTESIAN_POINT('',(-4.035988865,5.860246949,1.));
#629=CARTESIAN_POINT('',(-0.005496104,5.860246949,1.));
#630=(BOUNDED_CURVE()
B_SPLINE_CURVE(2,(#621,#622,#623,#624,#625,#626,#627,#628,#629),.UNSPECIFIED.,.T.,.F.)
B_SPLINE_CURVE_WITH_KNOTS((3,2,2,2,3),(0.,1.570796327,3.141592654,4.71238898,6.283185307),.UNSPECIFIED.)
CURVE()
GEOMETRIC_REPRESENTATION_ITEM()
RATIONAL_B_SPLINE_CURVE((1.,0.707106781,1.,0.707106781,1.,0.707106781,1.,0.707106781,1.))
REPRESENTATION_ITEM(''));
#631=EDGE_CURVE('',#608,#606,#630,.T.);
#632=ORIENTED_EDGE('',*,*,#631,.T.);
#633=EDGE_LOOP('',(#620,#632));
#634=FACE_BOUND('',#633,.T.);
#635=CARTESIAN_POINT('',(9.636620186,-15.010103547,1.));
#636=VERTEX_POINT('',#635);
#637=CARTESIAN_POINT('',(9.636620186,-18.010103547,1.));
#638=VERTEX_POINT('',#637);
#639=CARTESIAN_POINT('',(9.636620186,-15.010103547,1.));
#640=CARTESIAN_POINT('',(11.136620186,-15.010103547,1.));
#641=CARTESIAN_POINT('',(11.136620186,-16.510103547,1.));
#642=CARTESIAN_POINT('',(11.136620186,-18.010103547,1.));
#643=CARTESIAN_POINT('',(9.636620186,-18.010103547,1.));
#644=CARTESIAN_POINT('',(8.136620186,-18.010103547,1.));
#645=CARTESIAN_POINT('',(8.136620186,-16.510103547,1.));
#646=CARTESIAN_POINT('',(8.136620186,-15.010103547,1.));
#647=CARTESIAN_POINT('',(9.636620186,-15.010103547,1.));
#648=(BOUNDED_CURVE()
B_SPLINE_CURVE(2,(#639,#640,#641,#642,#643,#644,#645,#646,#647),.UNSPECIFIED.,.T.,.F.)
B_SPLINE_CURVE_WITH_KNOTS((3,2,2,2,3),(0.,1.570796327,3.141592654,4.71238898,6.283185307),.UNSPECIFIED.)
CURVE()
GEOMETRIC_REPRESENTATION_ITEM()
RATIONAL_B_SPLINE_CURVE((1.,0.707106781,1.,0.707106781,1.,0.707106781,1.,0.707106781,1.))
REPRESENTATION_ITEM(''));
#649=EDGE_CURVE('',#636,#638,#648,.T.);
#650=ORIENTED_EDGE('',*,*,#649,.T.);
#651=CARTESIAN_POINT('',(9.636620186,-15.010103547,1.));
#652=CARTESIAN_POINT('',(11.136620186,-15.010103547,1.));
#653=CARTESIAN_POINT('',(11.136620186,-16.510103547,1.));
#654=CARTESIAN_POINT('',(11.136620186,-18.010103547,1.));
#655=CARTESIAN_POINT('',(9.636620186,-18.010103547,1.));
#656=CARTESIAN_POINT('',(8.136620186,-18.010103547,1.));
#657=CARTESIAN_POINT('',(8.136620186,-16.510103547,1.));
#658=CARTESIAN_POINT('',(8.136620186,-15.010103547,1.));
#659=CARTESIAN_POINT('',(9.636620186,-15.010103547,1.));
#660=(BOUNDED_CURVE()
B_SPLINE_CURVE(2,(#651,#652,#653,#654,#655,#656,#657,#658,#659),.UNSPECIFIED.,.T.,.F.)
B_SPLINE_CURVE_WITH_KNOTS((3,2,2,2,3),(0.,1.570796327,3.141592654,4.71238898,6.283185307),.UNSPECIFIED.)
CURVE()
GEOMETRIC_REPRESENTATION_ITEM()
RATIONAL_B_SPLINE_CURVE((1.,0.707106781,1.,0.707106781,1.,0.707106781,1.,0.707106781,1.))
REPRESENTATION_ITEM(''));
#661=EDGE_CURVE('',#638,#636,#660,.T.);
#662=ORIENTED_EDGE('',*,*,#661,.T.);
#663=EDGE_LOOP('',(#650,#662));
#664=FACE_BOUND('',#663,.T.);
#665=CARTESIAN_POINT('',(-9.663379814,-15.010103547,1.));
#666=VERTEX_POINT('',#665);
#667=CARTESIAN_POINT('',(-9.663379814,-18.010103547,1.));
#668=VERTEX_POINT('',#667);
#669=CARTESIAN_POINT('',(-9.663379814,-15.010103547,1.));
#670=CARTESIAN_POINT('',(-8.163379814,-15.010103547,1.));
#671=CARTESIAN_POINT('',(-8.163379814,-16.510103547,1.));
#672=CARTESIAN_POINT('',(-8.163379814,-18.010103547,1.));
#673=CARTESIAN_POINT('',(-9.663379814,-18.010103547,1.));
#674=CARTESIAN_POINT('',(-11.163379814,-18.010103547,1.));
#675=CARTESIAN_POINT('',(-11.163379814,-16.510103547,1.));
#676=CARTESIAN_POINT('',(-11.163379814,-15.010103547,1.));
#677=CARTESIAN_POINT('',(-9.663379814,-15.010103547,1.));
#678=(BOUNDED_CURVE()
B_SPLINE_CURVE(2,(#669,#670,#671,#672,#673,#674,#675,#676,#677),.UNSPECIFIED.,.T.,.F.)
B_SPLINE_CURVE_WITH_KNOTS((3,2,2,2,3),(0.,1.570796327,3.141592654,4.71238898,6.283185307),.UNSPECIFIED.)
CURVE()
GEOMETRIC_REPRESENTATION_ITEM()
RATIONAL_B_SPLINE_CURVE((1.,0.707106781,1.,0.707106781,1.,0.707106781,1.,0.707106781,1.))
REPRESENTATION_ITEM(''));
#679=EDGE_CURVE('',#666,#668,#678,.T.);
#680=ORIENTED_EDGE('',*,*,#679,.T.);
#681=CARTESIAN_POINT('',(-9.663379814,-15.010103547,1.));
#682=CARTESIAN_POINT('',(-8.163379814,-15.010103547,1.));
#683=CARTESIAN_POINT('',(-8.163379814,-16.510103547,1.));
#684=CARTESIAN_POINT('',(-8.163379814,-18.010103547,1.));
#685=CARTESIAN_POINT('',(-9.663379814,-18.010103547,1.));
#686=CARTESIAN_POINT('',(-11.163379814,-18.010103547,1.));
#687=CARTESIAN_POINT('',(-11.163379814,-16.510103547,1.));
#688=CARTESIAN_POINT('',(-11.163379814,-15.010103547,1.));
#689=CARTESIAN_POINT('',(-9.663379814,-15.010103547,1.));
#690=(BOUNDED_CURVE()
B_SPLINE_CURVE(2,(#681,#682,#683,#684,#685,#686,#687,#688,#689),.UNSPECIFIED.,.T.,.F.)
B_SPLINE_CURVE_WITH_KNOTS((3,2,2,2,3),(0.,1.570796327,3.141592654,4.71238898,6.283185307),.UNSPECIFIED.)
CURVE()
GEOMETRIC_REPRESENTATION_ITEM()
RATIONAL_B_SPLINE_CURVE((1.,0.707106781,1.,0.707106781,1.,0.707106781,1.,0.707106781,1.))
REPRESENTATION_ITEM(''));
#691=EDGE_CURVE('',#668,#666,#690,.T.);
#692=ORIENTED_EDGE('',*,*,#691,.T.);
#693=EDGE_LOOP('',(#680,#692));
#694=FACE_BOUND('',#693,.T.);
#695=CARTESIAN_POINT('',(11.,18.674340462,1.));
#696=VERTEX_POINT('',#695);
#697=CARTESIAN_POINT('',(11.,16.374340462,1.));
#698=VERTEX_POINT('',#697);
#699=CARTESIAN_POINT('',(11.,18.674340462,1.));
#700=CARTESIAN_POINT('',(12.15,18.674340462,1.));
#701=CARTESIAN_POINT('',(12.15,17.524340462,1.));
#702=CARTESIAN_POINT('',(12.15,16.374340462,1.));
#703=CARTESIAN_POINT('',(11.,16.374340462,1.));
#704=CARTESIAN_POINT('',(9.85,16.374340462,1.));
#705=CARTESIAN_POINT('',(9.85,17.524340462,1.));
#706=CARTESIAN_POINT('',(9.85,18.674340462,1.));
#707=CARTESIAN_POINT('',(11.,18.674340462,1.));
#708=(BOUNDED_CURVE()
B_SPLINE_CURVE(2,(#699,#700,#701,#702,#703,#704,#705,#706,#707),.UNSPECIFIED.,.T.,.F.)
B_SPLINE_CURVE_WITH_KNOTS((3,2,2,2,3),(0.,1.570796327,3.141592654,4.71238898,6.283185307),.UNSPECIFIED.)
CURVE()
GEOMETRIC_REPRESENTATION_ITEM()
RATIONAL_B_SPLINE_CURVE((1.,0.707106781,1.,0.707106781,1.,0.707106781,1.,0.707106781,1.))
REPRESENTATION_ITEM(''));
#709=EDGE_CURVE('',#696,#698,#708,.T.);
#710=ORIENTED_EDGE('',*,*,#709,.T.);
#711=CARTESIAN_POINT('',(11.,18.674340462,1.));
#712=CARTESIAN_POINT('',(12.15,18.674340462,1.));
#713=CARTESIAN_POINT('',(12.15,17.524340462,1.));
#714=CARTESIAN_POINT('',(12.15,16.374340462,1.));
#715=CARTESIAN_POINT('',(11.,16.374340462,1.));
#716=CARTESIAN_POINT('',(9.85,16.374340462,1.));
#717=CARTESIAN_POINT('',(9.85,17.524340462,1.));
#718=CARTESIAN_POINT('',(9.85,18.674340462,1.));
#719=CARTESIAN_POINT('',(11.,18.674340462,1.));
#720=(BOUNDED_CURVE()
B_SPLINE_CURVE(2,(#711,#712,#713,#714,#715,#716,#717,#718,#719),.UNSPECIFIED.,.T.,.F.)
B_SPLINE_CURVE_WITH_KNOTS((3,2,2,2,3),(0.,1.570796327,3.141592654,4.71238898,6.283185307),.UNSPECIFIED.)
CURVE()
GEOMETRIC_REPRESENTATION_ITEM()
RATIONAL_B_SPLINE_CURVE((1.,0.707106781,1.,0.707106781,1.,0.707106781,1.,0.707106781,1.))
REPRESENTATION_ITEM(''));
#721=EDGE_CURVE('',#698,#696,#720,.T.);
#722=ORIENTED_EDGE('',*,*,#721,.T.);
#723=EDGE_LOOP('',(#710,#722));
#724=FACE_BOUND('',#723,.T.);
#725=CARTESIAN_POINT('',(11.,3.674340462,1.));
#726=VERTEX_POINT('',#725);
#727=CARTESIAN_POINT('',(11.,1.374340462,1.));
#728=VERTEX_POINT('',#727);
#729=CARTESIAN_POINT('',(11.,3.674340462,1.));
#730=CARTESIAN_POINT('',(12.15,3.674340462,1.));
#731=CARTESIAN_POINT('',(12.15,2.524340462,1.));
#732=CARTESIAN_POINT('',(12.15,1.374340462,1.));
#733=CARTESIAN_POINT('',(11.,1.374340462,1.));
#734=CARTESIAN_POINT('',(9.85,1.374340462,1.));
#735=CARTESIAN_POINT('',(9.85,2.524340462,1.));
#736=CARTESIAN_POINT('',(9.85,3.674340462,1.));
#737=CARTESIAN_POINT('',(11.,3.674340462,1.));
#738=(BOUNDED_CURVE()
B_SPLINE_CURVE(2,(#729,#730,#731,#732,#733,#734,#735,#736,#737),.UNSPECIFIED.,.T.,.F.)
B_SPLINE_CURVE_WITH_KNOTS((3,2,2,2,3),(0.,1.570796327,3.141592654,4.71238898,6.283185307),.UNSPECIFIED.)
CURVE()
GEOMETRIC_REPRESENTATION_ITEM()
RATIONAL_B_SPLINE_CURVE((1.,0.707106781,1.,0.707106781,1.,0.707106781,1.,0.707106781,1.))
REPRESENTATION_ITEM(''));
#739=EDGE_CURVE('',#726,#728,#738,.T.);
#740=ORIENTED_EDGE('',*,*,#739,.T.);
#741=CARTESIAN_POINT('',(11.,3.674340462,1.));
#742=CARTESIAN_POINT('',(12.15,3.674340462,1.));
#743=CARTESIAN_POINT('',(12.15,2.524340462,1.));
#744=CARTESIAN_POINT('',(12.15,1.374340462,1.));
#745=CARTESIAN_POINT('',(11.,1.374340462,1.));
#746=CARTESIAN_POINT('',(9.85,1.374340462,1.));
#747=CARTESIAN_POINT('',(9.85,2.524340462,1.));
#748=CARTESIAN_POINT('',(9.85,3.674340462,1.));
#749=CARTESIAN_POINT('',(11.,3.674340462,1.));
#750=(BOUNDED_CURVE()
B_SPLINE_CURVE(2,(#741,#742,#743,#744,#745,#746,#747,#748,#749),.UNSPECIFIED.,.T.,.F.)
B_SPLINE_CURVE_WITH_KNOTS((3,2,2,2,3),(0.,1.570796327,3.141592654,4.71238898,6.283185307),.UNSPECIFIED.)
CURVE()
GEOMETRIC_REPRESENTATION_ITEM()
RATIONAL_B_SPLINE_CURVE((1.,0.707106781,1.,0.707106781,1.,0.707106781,1.,0.707106781,1.))
REPRESENTATION_ITEM(''));
#751=EDGE_CURVE('',#728,#726,#750,.T.);
#752=ORIENTED_EDGE('',*,*,#751,.T.);
#753=EDGE_LOOP('',(#740,#752));
#754=FACE_BOUND('',#753,.T.);
#755=CARTESIAN_POINT('',(-11.,3.674340462,1.));
#756=VERTEX_POINT('',#755);
#757=CARTESIAN_POINT('',(-11.,1.374340462,1.));
#758=VERTEX_POINT('',#757);
#759=CARTESIAN_POINT('',(-11.,3.674340462,1.));
#760=CARTESIAN_POINT('',(-9.85,3.674340462,1.));
#761=CARTESIAN_POINT('',(-9.85,2.524340462,1.));
#762=CARTESIAN_POINT('',(-9.85,1.374340462,1.));
#763=CARTESIAN_POINT('',(-11.,1.374340462,1.));
#764=CARTESIAN_POINT('',(-12.15,1.374340462,1.));
#765=CARTESIAN_POINT('',(-12.15,2.524340462,1.));
#766=CARTESIAN_POINT('',(-12.15,3.674340462,1.));
#767=CARTESIAN_POINT('',(-11.,3.674340462,1.));
#768=(BOUNDED_CURVE()
B_SPLINE_CURVE(2,(#759,#760,#761,#762,#763,#764,#765,#766,#767),.UNSPECIFIED.,.T.,.F.)
B_SPLINE_CURVE_WITH_KNOTS((3,2,2,2,3),(0.,1.570796327,3.141592654,4.71238898,6.283185307),.UNSPECIFIED.)
CURVE()
GEOMETRIC_REPRESENTATION_ITEM()
RATIONAL_B_SPLINE_CURVE((1.,0.707106781,1.,0.707106781,1.,0.707106781,1.,0.707106781,1.))
REPRESENTATION_ITEM(''));
#769=EDGE_CURVE('',#756,#758,#768,.T.);
#770=ORIENTED_EDGE('',*,*,#769,.T.);
#771=CARTESIAN_POINT('',(-11.,3.674340462,1.));
#772=CARTESIAN_POINT('',(-9.85,3.674340462,1.));
#773=CARTESIAN_POINT('',(-9.85,2.524340462,1.));
#774=CARTESIAN_POINT('',(-9.85,1.374340462,1.));
#775=CARTESIAN_POINT('',(-11.,1.374340462,1.));
#776=CARTESIAN_POINT('',(-12.15,1.374340462,1.));
#777=CARTESIAN_POINT('',(-12.15,2.524340462,1.));
#778=CARTESIAN_POINT('',(-12.15,3.674340462,1.));
#779=CARTESIAN_POINT('',(-11.,3.674340462,1.));
#780=(BOUNDED_CURVE()
B_SPLINE_CURVE(2,(#771,#772,#773,#774,#775,#776,#777,#778,#779),.UNSPECIFIED.,.T.,.F.)
B_SPLINE_CURVE_WITH_KNOTS((3,2,2,2,3),(0.,1.570796327,3.141592654,4.71238898,6.283185307),.UNSPECIFIED.)
CURVE()
GEOMETRIC_REPRESENTATION_ITEM()
RATIONAL_B_SPLINE_CURVE((1.,0.707106781,1.,0.707106781,1.,0.707106781,1.,0.707106781,1.))
REPRESENTATION_ITEM(''));
#781=EDGE_CURVE('',#758,#756,#780,.T.);
#782=ORIENTED_EDGE('',*,*,#781,.T.);
#783=EDGE_LOOP('',(#770,#782));
#784=FACE_BOUND('',#783,.T.);
#785=CARTESIAN_POINT('',(-11.,18.674340462,1.));
#786=VERTEX_POINT('',#785);
#787=CARTESIAN_POINT('',(-11.,16.374340462,1.));
#788=VERTEX_POINT('',#787);
#789=CARTESIAN_POINT('',(-11.,18.674340462,1.));
#790=CARTESIAN_POINT('',(-9.85,18.674340462,1.));
#791=CARTESIAN_POINT('',(-9.85,17.524340462,1.));
#792=CARTESIAN_POINT('',(-9.85,16.374340462,1.));
#793=CARTESIAN_POINT('',(-11.,16.374340462,1.));
#794=CARTESIAN_POINT('',(-12.15,16.374340462,1.));
#795=CARTESIAN_POINT('',(-12.15,17.524340462,1.));
#796=CARTESIAN_POINT('',(-12.15,18.674340462,1.));
#797=CARTESIAN_POINT('',(-11.,18.674340462,1.));
#798=(BOUNDED_CURVE()
B_SPLINE_CURVE(2,(#789,#790,#791,#792,#793,#794,#795,#796,#797),.UNSPECIFIED.,.T.,.F.)
B_SPLINE_CURVE_WITH_KNOTS((3,2,2,2,3),(0.,1.570796327,3.141592654,4.71238898,6.283185307),.UNSPECIFIED.)
CURVE()
GEOMETRIC_REPRESENTATION_ITEM()
RATIONAL_B_SPLINE_CURVE((1.,0.707106781,1.,0.707106781,1.,0.707106781,1.,0.707106781,1.))
REPRESENTATION_ITEM(''));
#799=EDGE_CURVE('',#786,#788,#798,.T.);
#800=ORIENTED_EDGE('',*,*,#799,.T.);
#801=CARTESIAN_POINT('',(-11.,18.674340462,1.));
#802=CARTESIAN_POINT('',(-9.85,18.674340462,1.));
#803=CARTESIAN_POINT('',(-9.85,17.524340462,1.));
#804=CARTESIAN_POINT('',(-9.85,16.374340462,1.));
#805=CARTESIAN_POINT('',(-11.,16.374340462,1.));
#806=CARTESIAN_POINT('',(-12.15,16.374340462,1.));
#807=CARTESIAN_POINT('',(-12.15,17.524340462,1.));
#808=CARTESIAN_POINT('',(-12.15,18.674340462,1.));
#809=CARTESIAN_POINT('',(-11.,18.674340462,1.));
#810=(BOUNDED_CURVE()
B_SPLINE_CURVE(2,(#801,#802,#803,#804,#805,#806,#807,#808,#809),.UNSPECIFIED.,.T.,.F.)
B_SPLINE_CURVE_WITH_KNOTS((3,2,2,2,3),(0.,1.570796327,3.141592654,4.71238898,6.283185307),.UNSPECIFIED.)
CURVE()
GEOMETRIC_REPRESENTATION_ITEM()
RATIONAL_B_SPLINE_CURVE((1.,0.707106781,1.,0.707106781,1.,0.707106781,1.,0.707106781,1.))
REPRESENTATION_ITEM(''));
#811=EDGE_CURVE('',#788,#786,#810,.T.);
#812=ORIENTED_EDGE('',*,*,#811,.T.);
#813=EDGE_LOOP('',(#800,#812));
#814=FACE_BOUND('',#813,.T.);
#815=CARTESIAN_POINT('',(-6.97726276,-17.709974769,1.));
#816=VERTEX_POINT('',#815);
#817=CARTESIAN_POINT('',(6.777414949,-17.709974769,1.));
#818=VERTEX_POINT('',#817);
#819=CARTESIAN_POINT('',(-6.97726276,-17.709974769,1.));
#820=CARTESIAN_POINT('',(-4.480417979,-14.110739507,1.));
#821=CARTESIAN_POINT('',(-0.099923906,-14.110739507,1.));
#822=CARTESIAN_POINT('',(4.280570168,-14.110739507,1.));
#823=CARTESIAN_POINT('',(6.777414949,-17.709974769,1.));
#824=(BOUNDED_CURVE()
B_SPLINE_CURVE(2,(#819,#820,#821,#822,#823),.UNSPECIFIED.,.F.,.F.)
B_SPLINE_CURVE_WITH_KNOTS((3,2,3),(5.3188846,6.283185307,7.247486015),.UNSPECIFIED.)
CURVE()
GEOMETRIC_REPRESENTATION_ITEM()
RATIONAL_B_SPLINE_CURVE((1.,0.885999884,1.,0.885999884,1.))
REPRESENTATION_ITEM(''));
#825=EDGE_CURVE('',#816,#818,#824,.T.);
#826=ORIENTED_EDGE('',*,*,#825,.T.);
#827=CARTESIAN_POINT('',(6.777414949,-17.709974769,1.));
#828=CARTESIAN_POINT('',(7.672325265,-19.,1.));
#829=CARTESIAN_POINT('',(9.242366528,-19.,1.));
#830=(BOUNDED_CURVE()
B_SPLINE_CURVE(2,(#827,#828,#829),.UNSPECIFIED.,.F.,.F.)
B_SPLINE_CURVE_WITH_KNOTS((3,3),(3.141592654,4.105893361),.UNSPECIFIED.)
CURVE()
GEOMETRIC_REPRESENTATION_ITEM()
RATIONAL_B_SPLINE_CURVE((1.,0.885999884,1.))
REPRESENTATION_ITEM(''));
#831=EDGE_CURVE('',#818,#143,#830,.T.);
#832=ORIENTED_EDGE('',*,*,#831,.T.);
#833=ORIENTED_EDGE('',*,*,#147,.F.);
#834=CARTESIAN_POINT('',(12.56170135,-15.99655724,1.));
#835=VERTEX_POINT('',#834);
#836=CARTESIAN_POINT('',(9.561703325,-19.,1.));
#837=CARTESIAN_POINT('',(10.805352493,-19.,1.));
#838=CARTESIAN_POINT('',(11.684240519,-18.120102795,1.));
#839=CARTESIAN_POINT('',(12.563128545,-17.240205589,1.));
#840=CARTESIAN_POINT('',(12.56170135,-15.99655724,1.));
#841=(BOUNDED_CURVE()
B_SPLINE_CURVE(2,(#836,#837,#838,#839,#840),.UNSPECIFIED.,.F.,.F.)
B_SPLINE_CURVE_WITH_KNOTS((3,2,3),(1.56964874,2.355620697,3.141592654),.UNSPECIFIED.)
CURVE()
GEOMETRIC_REPRESENTATION_ITEM()
RATIONAL_B_SPLINE_CURVE((1.,0.923769704,1.,0.923769704,1.))
REPRESENTATION_ITEM(''));
#842=EDGE_CURVE('',#141,#835,#841,.T.);
#843=ORIENTED_EDGE('',*,*,#842,.T.);
#844=CARTESIAN_POINT('',(12.547111456,-3.283022869,1.));
#845=VERTEX_POINT('',#844);
#846=CARTESIAN_POINT('',(12.547111456,-3.283022869,1.));
#847=CARTESIAN_POINT('',(12.56170135,-15.99655724,1.));
#848=B_SPLINE_CURVE_WITH_KNOTS('',1,(#846,#847),.UNSPECIFIED.,.F.,.F.,(2,2),(0.004297419,0.017010962),.UNSPECIFIED.);
#849=EDGE_CURVE('',#845,#835,#848,.T.);
#850=ORIENTED_EDGE('',*,*,#849,.F.);
#851=CARTESIAN_POINT('',(14.156949259,-0.621111647,1.));
#852=VERTEX_POINT('',#851);
#853=CARTESIAN_POINT('',(12.547111456,-3.283022869,1.));
#854=CARTESIAN_POINT('',(12.545023987,-1.464015908,1.));
#855=CARTESIAN_POINT('',(14.156949259,-0.621111647,1.));
#856=(BOUNDED_CURVE()
B_SPLINE_CURVE(2,(#853,#854,#855),.UNSPECIFIED.,.F.,.F.)
B_SPLINE_CURVE_WITH_KNOTS((3,3),(4.711241393,5.801372078),.UNSPECIFIED.)
CURVE()
GEOMETRIC_REPRESENTATION_ITEM()
RATIONAL_B_SPLINE_CURVE((1.,0.855093414,1.))
REPRESENTATION_ITEM(''));
#857=EDGE_CURVE('',#845,#852,#856,.T.);
#858=ORIENTED_EDGE('',*,*,#857,.T.);
#859=CARTESIAN_POINT('',(15.490894449,1.788912286,1.));
#860=VERTEX_POINT('',#859);
#861=CARTESIAN_POINT('',(14.156949259,-0.621111647,1.));
#862=CARTESIAN_POINT('',(15.619376254,0.143617318,1.));
#863=CARTESIAN_POINT('',(15.490894449,1.788912286,1.));
#864=(BOUNDED_CURVE()
B_SPLINE_CURVE(2,(#861,#862,#863),.UNSPECIFIED.,.F.,.F.)
B_SPLINE_CURVE_WITH_KNOTS((3,3),(1.492864045,2.659779425),.UNSPECIFIED.)
CURVE()
GEOMETRIC_REPRESENTATION_ITEM()
RATIONAL_B_SPLINE_CURVE((1.,0.834562757,1.))
REPRESENTATION_ITEM(''));
#865=EDGE_CURVE('',#852,#860,#864,.T.);
#866=ORIENTED_EDGE('',*,*,#865,.T.);
#867=CARTESIAN_POINT('',(14.082423901,4.104064368,1.));
#868=VERTEX_POINT('',#867);
#869=CARTESIAN_POINT('',(15.490894449,1.788912286,1.));
#870=CARTESIAN_POINT('',(15.372659181,3.302993524,1.));
#871=CARTESIAN_POINT('',(14.082423901,4.104064368,1.));
#872=(BOUNDED_CURVE()
B_SPLINE_CURVE(2,(#869,#870,#871),.UNSPECIFIED.,.F.,.F.)
B_SPLINE_CURVE_WITH_KNOTS((3,3),(0.555625293,1.492864045),.UNSPECIFIED.)
CURVE()
GEOMETRIC_REPRESENTATION_ITEM()
RATIONAL_B_SPLINE_CURVE((1.,0.892192704,1.))
REPRESENTATION_ITEM(''));
#873=EDGE_CURVE('',#860,#868,#872,.T.);
#874=ORIENTED_EDGE('',*,*,#873,.T.);
#875=CARTESIAN_POINT('',(14.082423901,15.379736915,1.));
#876=VERTEX_POINT('',#875);
#877=CARTESIAN_POINT('',(14.082423901,4.104064368,1.));
#878=CARTESIAN_POINT('',(10.946698531,6.050948171,1.));
#879=CARTESIAN_POINT('',(10.946698531,9.741900642,1.));
#880=CARTESIAN_POINT('',(10.946698531,13.432853112,1.));
#881=CARTESIAN_POINT('',(14.082423901,15.379736915,1.));
#882=(BOUNDED_CURVE()
B_SPLINE_CURVE(2,(#877,#878,#879,#880,#881),.UNSPECIFIED.,.F.,.F.)
B_SPLINE_CURVE_WITH_KNOTS((3,2,3),(3.697217946,4.71238898,5.727560014),.UNSPECIFIED.)
CURVE()
GEOMETRIC_REPRESENTATION_ITEM()
RATIONAL_B_SPLINE_CURVE((1.,0.873920658,1.,0.873920658,1.))
REPRESENTATION_ITEM(''));
#883=EDGE_CURVE('',#868,#876,#882,.T.);
#884=ORIENTED_EDGE('',*,*,#883,.T.);
#885=CARTESIAN_POINT('',(15.5,17.928449256,1.));
#886=VERTEX_POINT('',#885);
#887=CARTESIAN_POINT('',(14.082423901,15.379736915,1.));
#888=CARTESIAN_POINT('',(15.5,16.259870097,1.));
#889=CARTESIAN_POINT('',(15.5,17.928449256,1.));
#890=(BOUNDED_CURVE()
B_SPLINE_CURVE(2,(#887,#888,#889),.UNSPECIFIED.,.F.,.F.)
B_SPLINE_CURVE_WITH_KNOTS((3,3),(1.570796327,2.585967361),.UNSPECIFIED.)
CURVE()
GEOMETRIC_REPRESENTATION_ITEM()
RATIONAL_B_SPLINE_CURVE((1.,0.873920658,1.))
REPRESENTATION_ITEM(''));
#891=EDGE_CURVE('',#876,#886,#890,.T.);
#892=ORIENTED_EDGE('',*,*,#891,.T.);
#893=CARTESIAN_POINT('',(15.5,18.,1.));
#894=VERTEX_POINT('',#893);
#895=CARTESIAN_POINT('',(15.5,18.,1.));
#896=CARTESIAN_POINT('',(15.5,17.928449256,1.));
#897=B_SPLINE_CURVE_WITH_KNOTS('',1,(#895,#896),.UNSPECIFIED.,.F.,.F.,(2,2),(0.003,0.003071551),.UNSPECIFIED.);
#898=EDGE_CURVE('',#894,#886,#897,.T.);
#899=ORIENTED_EDGE('',*,*,#898,.F.);
#900=CARTESIAN_POINT('',(15.5,18.,1.));
#901=CARTESIAN_POINT('',(15.5,21.,1.));
#902=CARTESIAN_POINT('',(12.5,21.,1.));
#903=(BOUNDED_CURVE()
B_SPLINE_CURVE(2,(#900,#901,#902),.UNSPECIFIED.,.F.,.F.)
B_SPLINE_CURVE_WITH_KNOTS((3,3),(6.283185307,7.853981634),.UNSPECIFIED.)
CURVE()
GEOMETRIC_REPRESENTATION_ITEM()
RATIONAL_B_SPLINE_CURVE((1.,0.707106781,1.))
REPRESENTATION_ITEM(''));
#904=EDGE_CURVE('',#894,#85,#903,.T.);
#905=ORIENTED_EDGE('',*,*,#904,.T.);
#906=ORIENTED_EDGE('',*,*,#89,.F.);
#907=CARTESIAN_POINT('',(5.316989896,17.719320901,1.));
#908=VERTEX_POINT('',#907);
#909=CARTESIAN_POINT('',(11.776712044,21.,1.));
#910=CARTESIAN_POINT('',(7.713776799,21.,1.));
#911=CARTESIAN_POINT('',(5.316989896,17.719320901,1.));
#912=(BOUNDED_CURVE()
B_SPLINE_CURVE(2,(#909,#910,#911),.UNSPECIFIED.,.F.,.F.)
B_SPLINE_CURVE_WITH_KNOTS((3,3),(5.343342689,6.283185307),.UNSPECIFIED.)
CURVE()
GEOMETRIC_REPRESENTATION_ITEM()
RATIONAL_B_SPLINE_CURVE((1.,0.891603923,1.))
REPRESENTATION_ITEM(''));
#913=EDGE_CURVE('',#78,#908,#912,.T.);
#914=ORIENTED_EDGE('',*,*,#913,.T.);
#915=CARTESIAN_POINT('',(-0.04143001,14.997956765,1.));
#916=VERTEX_POINT('',#915);
#917=CARTESIAN_POINT('',(5.316989896,17.719320901,1.));
#918=CARTESIAN_POINT('',(3.328825335,14.997956765,1.));
#919=CARTESIAN_POINT('',(-0.04143001,14.997956765,1.));
#920=CARTESIAN_POINT('',(-3.411685354,14.997956765,1.));
#921=CARTESIAN_POINT('',(-5.399849916,17.719320901,1.));
#922=(BOUNDED_CURVE()
B_SPLINE_CURVE(2,(#917,#918,#919,#920,#921),.UNSPECIFIED.,.F.,.F.)
B_SPLINE_CURVE_WITH_KNOTS((3,2,3),(2.201750035,3.141592654,4.081435272),.UNSPECIFIED.)
CURVE()
GEOMETRIC_REPRESENTATION_ITEM()
RATIONAL_B_SPLINE_CURVE((1.,0.891603923,1.,0.891603923,1.))
REPRESENTATION_ITEM(''));
#923=EDGE_CURVE('',#908,#916,#922,.T.);
#924=ORIENTED_EDGE('',*,*,#923,.T.);
#925=CARTESIAN_POINT('',(-5.399849916,17.719320901,1.));
#926=VERTEX_POINT('',#925);
#927=CARTESIAN_POINT('',(5.316989896,17.719320901,1.));
#928=CARTESIAN_POINT('',(3.328825335,14.997956765,1.));
#929=CARTESIAN_POINT('',(-0.04143001,14.997956765,1.));
#930=CARTESIAN_POINT('',(-3.411685354,14.997956765,1.));
#931=CARTESIAN_POINT('',(-5.399849916,17.719320901,1.));
#932=(BOUNDED_CURVE()
B_SPLINE_CURVE(2,(#927,#928,#929,#930,#931),.UNSPECIFIED.,.F.,.F.)
B_SPLINE_CURVE_WITH_KNOTS((3,2,3),(2.201750035,3.141592654,4.081435272),.UNSPECIFIED.)
CURVE()
GEOMETRIC_REPRESENTATION_ITEM()
RATIONAL_B_SPLINE_CURVE((1.,0.891603923,1.,0.891603923,1.))
REPRESENTATION_ITEM(''));
#933=EDGE_CURVE('',#916,#926,#932,.T.);
#934=ORIENTED_EDGE('',*,*,#933,.T.);
#935=CARTESIAN_POINT('',(-11.859572064,21.,1.));
#936=VERTEX_POINT('',#935);
#937=CARTESIAN_POINT('',(-5.399849916,17.719320901,1.));
#938=CARTESIAN_POINT('',(-7.796636819,21.,1.));
#939=CARTESIAN_POINT('',(-11.859572064,21.,1.));
#940=(BOUNDED_CURVE()
B_SPLINE_CURVE(2,(#937,#938,#939),.UNSPECIFIED.,.F.,.F.)
B_SPLINE_CURVE_WITH_KNOTS((3,3),(6.283185307,7.223027925),.UNSPECIFIED.)
CURVE()
GEOMETRIC_REPRESENTATION_ITEM()
RATIONAL_B_SPLINE_CURVE((1.,0.891603923,1.))
REPRESENTATION_ITEM(''));
#941=EDGE_CURVE('',#926,#936,#940,.T.);
#942=ORIENTED_EDGE('',*,*,#941,.T.);
#943=CARTESIAN_POINT('',(-12.5,21.,1.));
#944=VERTEX_POINT('',#943);
#945=CARTESIAN_POINT('',(-12.5,21.,1.));
#946=CARTESIAN_POINT('',(-11.859572064,21.,1.));
#947=B_SPLINE_CURVE_WITH_KNOTS('',1,(#945,#946),.UNSPECIFIED.,.F.,.F.,(2,2),(0.003,0.003640428),.UNSPECIFIED.);
#948=EDGE_CURVE('',#944,#936,#947,.T.);
#949=ORIENTED_EDGE('',*,*,#948,.F.);
#950=CARTESIAN_POINT('',(-12.5,21.,1.));
#951=CARTESIAN_POINT('',(-15.5,21.,1.));
#952=CARTESIAN_POINT('',(-15.5,18.,1.));
#953=(BOUNDED_CURVE()
B_SPLINE_CURVE(2,(#950,#951,#952),.UNSPECIFIED.,.F.,.F.)
B_SPLINE_CURVE_WITH_KNOTS((3,3),(4.71238898,6.283185307),.UNSPECIFIED.)
CURVE()
GEOMETRIC_REPRESENTATION_ITEM()
RATIONAL_B_SPLINE_CURVE((1.,0.707106781,1.))
REPRESENTATION_ITEM(''));
#954=EDGE_CURVE('',#944,#49,#953,.T.);
#955=ORIENTED_EDGE('',*,*,#954,.T.);
#956=ORIENTED_EDGE('',*,*,#53,.F.);
#957=CARTESIAN_POINT('',(-14.062768067,15.406500843,1.));
#958=VERTEX_POINT('',#957);
#959=CARTESIAN_POINT('',(-15.5,17.967312426,1.));
#960=CARTESIAN_POINT('',(-15.5,16.283590037,1.));
#961=CARTESIAN_POINT('',(-14.062768067,15.406500843,1.));
#962=(BOUNDED_CURVE()
B_SPLINE_CURVE(2,(#959,#960,#961),.UNSPECIFIED.,.F.,.F.)
B_SPLINE_CURVE_WITH_KNOTS((3,3),(3.689524182,4.71238898),.UNSPECIFIED.)
CURVE()
GEOMETRIC_REPRESENTATION_ITEM()
RATIONAL_B_SPLINE_CURVE((1.,0.872044348,1.))
REPRESENTATION_ITEM(''));
#963=EDGE_CURVE('',#42,#958,#962,.T.);
#964=ORIENTED_EDGE('',*,*,#963,.T.);
#965=CARTESIAN_POINT('',(-14.062768067,4.077300441,1.));
#966=VERTEX_POINT('',#965);
#967=CARTESIAN_POINT('',(-14.062768067,15.406500843,1.));
#968=CARTESIAN_POINT('',(-10.883563339,13.466350439,1.));
#969=CARTESIAN_POINT('',(-10.883563339,9.741900642,1.));
#970=CARTESIAN_POINT('',(-10.883563339,6.017450844,1.));
#971=CARTESIAN_POINT('',(-14.062768067,4.077300441,1.));
#972=(BOUNDED_CURVE()
B_SPLINE_CURVE(2,(#967,#968,#969,#970,#971),.UNSPECIFIED.,.F.,.F.)
B_SPLINE_CURVE_WITH_KNOTS((3,2,3),(0.547931528,1.570796327,2.593661125),.UNSPECIFIED.)
CURVE()
GEOMETRIC_REPRESENTATION_ITEM()
RATIONAL_B_SPLINE_CURVE((1.,0.872044348,1.,0.872044348,1.))
REPRESENTATION_ITEM(''));
#973=EDGE_CURVE('',#958,#966,#972,.T.);
#974=ORIENTED_EDGE('',*,*,#973,.T.);
#975=CARTESIAN_POINT('',(-15.5,1.516488857,1.));
#976=VERTEX_POINT('',#975);
#977=CARTESIAN_POINT('',(-14.062768067,4.077300441,1.));
#978=CARTESIAN_POINT('',(-15.5,3.200211246,1.));
#979=CARTESIAN_POINT('',(-15.5,1.516488857,1.));
#980=(BOUNDED_CURVE()
B_SPLINE_CURVE(2,(#977,#978,#979),.UNSPECIFIED.,.F.,.F.)
B_SPLINE_CURVE_WITH_KNOTS((3,3),(4.71238898,5.735253779),.UNSPECIFIED.)
CURVE()
GEOMETRIC_REPRESENTATION_ITEM()
RATIONAL_B_SPLINE_CURVE((1.,0.872044348,1.))
REPRESENTATION_ITEM(''));
#981=EDGE_CURVE('',#966,#976,#980,.T.);
#982=ORIENTED_EDGE('',*,*,#981,.T.);
#983=CARTESIAN_POINT('',(-15.5,1.448927805,1.));
#984=VERTEX_POINT('',#983);
#985=CARTESIAN_POINT('',(-15.5,1.448927805,1.));
#986=CARTESIAN_POINT('',(-15.5,1.516488857,1.));
#987=B_SPLINE_CURVE_WITH_KNOTS('',1,(#985,#986),.UNSPECIFIED.,.F.,.F.,(2,2),(0.020448928,0.020516489),.UNSPECIFIED.);
#988=EDGE_CURVE('',#984,#976,#987,.T.);
#989=ORIENTED_EDGE('',*,*,#988,.F.);
#990=CARTESIAN_POINT('',(-14.210745807,-0.738329517,1.));
#991=VERTEX_POINT('',#990);
#992=CARTESIAN_POINT('',(-15.5,1.448927805,1.));
#993=CARTESIAN_POINT('',(-15.5,-0.024669038,1.));
#994=CARTESIAN_POINT('',(-14.210745807,-0.738329517,1.));
#995=(BOUNDED_CURVE()
B_SPLINE_CURVE(2,(#992,#993,#994),.UNSPECIFIED.,.F.,.F.)
B_SPLINE_CURVE_WITH_KNOTS((3,3),(3.647153637,4.71238898),.UNSPECIFIED.)
CURVE()
GEOMETRIC_REPRESENTATION_ITEM()
RATIONAL_B_SPLINE_CURVE((1.,0.861480796,1.))
REPRESENTATION_ITEM(''));
#996=EDGE_CURVE('',#984,#991,#995,.T.);
#997=ORIENTED_EDGE('',*,*,#996,.T.);
#998=CARTESIAN_POINT('',(-12.663640775,-3.363038303,1.));
#999=VERTEX_POINT('',#998);
#1000=CARTESIAN_POINT('',(-14.210745807,-0.738329517,1.));
#1001=CARTESIAN_POINT('',(-12.663640775,-1.594722092,1.));
#1002=CARTESIAN_POINT('',(-12.663640775,-3.363038303,1.));
#1003=(BOUNDED_CURVE()
B_SPLINE_CURVE(2,(#1000,#1001,#1002),.UNSPECIFIED.,.F.,.F.)
B_SPLINE_CURVE_WITH_KNOTS((3,3),(0.505560984,1.570796327),.UNSPECIFIED.)
CURVE()
GEOMETRIC_REPRESENTATION_ITEM()
RATIONAL_B_SPLINE_CURVE((1.,0.861480796,1.))
REPRESENTATION_ITEM(''));
#1004=EDGE_CURVE('',#991,#999,#1003,.T.);
#1005=ORIENTED_EDGE('',*,*,#1004,.T.);
#1006=CARTESIAN_POINT('',(-12.663640775,-16.,1.));
#1007=VERTEX_POINT('',#1006);
#1008=CARTESIAN_POINT('',(-12.663640775,-16.,1.));
#1009=CARTESIAN_POINT('',(-12.663640775,-3.363038303,1.));
#1010=B_SPLINE_CURVE_WITH_KNOTS('',1,(#1008,#1009),.UNSPECIFIED.,.F.,.F.,(2,2),(-0.017,-0.004363038),.UNSPECIFIED.);
#1011=EDGE_CURVE('',#1007,#999,#1010,.T.);
#1012=ORIENTED_EDGE('',*,*,#1011,.F.);
#1013=CARTESIAN_POINT('',(-12.663640775,-16.,1.));
#1014=CARTESIAN_POINT('',(-12.663640775,-19.,1.));
#1015=CARTESIAN_POINT('',(-9.663640775,-19.,1.));
#1016=(BOUNDED_CURVE()
B_SPLINE_CURVE(2,(#1013,#1014,#1015),.UNSPECIFIED.,.F.,.F.)
B_SPLINE_CURVE_WITH_KNOTS((3,3),(3.141592654,4.71238898),.UNSPECIFIED.)
CURVE()
GEOMETRIC_REPRESENTATION_ITEM()
RATIONAL_B_SPLINE_CURVE((1.,0.707106781,1.))
REPRESENTATION_ITEM(''));
#1017=EDGE_CURVE('',#1007,#121,#1016,.T.);
#1018=ORIENTED_EDGE('',*,*,#1017,.T.);
#1019=ORIENTED_EDGE('',*,*,#125,.F.);
#1020=CARTESIAN_POINT('',(-9.44221434,-19.,1.));
#1021=CARTESIAN_POINT('',(-7.872173076,-19.,1.));
#1022=CARTESIAN_POINT('',(-6.97726276,-17.709974769,1.));
#1023=(BOUNDED_CURVE()
B_SPLINE_CURVE(2,(#1020,#1021,#1022),.UNSPECIFIED.,.F.,.F.)
B_SPLINE_CURVE_WITH_KNOTS((3,3),(2.177291946,3.141592654),.UNSPECIFIED.)
CURVE()
GEOMETRIC_REPRESENTATION_ITEM()
RATIONAL_B_SPLINE_CURVE((1.,0.885999884,1.))
REPRESENTATION_ITEM(''));
#1024=EDGE_CURVE('',#114,#816,#1023,.T.);
#1025=ORIENTED_EDGE('',*,*,#1024,.T.);
#1026=EDGE_LOOP('',(#826,#832,#833,#843,#850,#858,#866,#874,#884,#892,#899,#905,#906,#914,#924,#934,#942,#949,#955,#956,#964,#974,#982,#989,#997,#1005,
#1012,#1018,#1019,#1025));
#1027=FACE_BOUND('',#1026,.T.);
#1028=ADVANCED_FACE('',(#634,#664,#694,#724,#754,#784,#814,#1027),#604,.F.);
#1029=CARTESIAN_POINT('',(15.5,17.928449256,1.));
#1030=CARTESIAN_POINT('',(15.5,17.928449256,-1.));
#1031=CARTESIAN_POINT('',(15.5,18.,1.));
#1032=CARTESIAN_POINT('',(15.5,18.,-1.));
#1033=B_SPLINE_SURFACE_WITH_KNOTS('',1,1,((#1029,#1030),(#1031,#1032)),.UNSPECIFIED.,.F.,.F.,.U.,(2,2),(2,2),(-0.003071551,-0.003),(-0.002,-0.),.UNSPECIFIED.);
#1034=ORIENTED_EDGE('',*,*,#898,.T.);
#1035=CARTESIAN_POINT('',(15.5,17.928449256,1.));
#1036=CARTESIAN_POINT('',(15.5,17.928449256,-1.));
#1037=B_SPLINE_CURVE_WITH_KNOTS('',1,(#1035,#1036),.UNSPECIFIED.,.F.,.F.,(2,2),(0.,0.002),.UNSPECIFIED.);
#1038=EDGE_CURVE('',#886,#354,#1037,.T.);
#1039=ORIENTED_EDGE('',*,*,#1038,.T.);
#1040=ORIENTED_EDGE('',*,*,#358,.F.);
#1041=CARTESIAN_POINT('',(15.5,18.,-1.));
#1042=CARTESIAN_POINT('',(15.5,18.,1.));
#1043=B_SPLINE_CURVE_WITH_KNOTS('',1,(#1041,#1042),.UNSPECIFIED.,.F.,.F.,(2,2),(0.,0.002),.UNSPECIFIED.);
#1044=EDGE_CURVE('',#346,#894,#1043,.T.);
#1045=ORIENTED_EDGE('',*,*,#1044,.T.);
#1046=EDGE_LOOP('',(#1034,#1039,#1040,#1045));
#1047=FACE_BOUND('',#1046,.T.);
#1048=ADVANCED_FACE('',(#1047),#1033,.F.);
#1049=CARTESIAN_POINT('',(-15.5,1.516488857,1.));
#1050=CARTESIAN_POINT('',(-15.5,1.516488857,-1.));
#1051=CARTESIAN_POINT('',(-15.5,1.448927805,1.));
#1052=CARTESIAN_POINT('',(-15.5,1.448927805,-1.));
#1053=B_SPLINE_SURFACE_WITH_KNOTS('',1,1,((#1049,#1050),(#1051,#1052)),.UNSPECIFIED.,.F.,.F.,.U.,(2,2),(2,2),(-0.020516489,-0.020448928),(-0.002,0.),.UNSPECIFIED.);
#1054=ORIENTED_EDGE('',*,*,#268,.F.);
#1055=CARTESIAN_POINT('',(-15.5,1.448927805,-1.));
#1056=CARTESIAN_POINT('',(-15.5,1.448927805,1.));
#1057=B_SPLINE_CURVE_WITH_KNOTS('',1,(#1055,#1056),.UNSPECIFIED.,.F.,.F.,(2,2),(-0.002,0.),.UNSPECIFIED.);
#1058=EDGE_CURVE('',#256,#984,#1057,.T.);
#1059=ORIENTED_EDGE('',*,*,#1058,.T.);
#1060=ORIENTED_EDGE('',*,*,#988,.T.);
#1061=CARTESIAN_POINT('',(-15.5,1.516488857,1.));
#1062=CARTESIAN_POINT('',(-15.5,1.516488857,-1.));
#1063=B_SPLINE_CURVE_WITH_KNOTS('',1,(#1061,#1062),.UNSPECIFIED.,.F.,.F.,(2,2),(-0.,0.002),.UNSPECIFIED.);
#1064=EDGE_CURVE('',#976,#264,#1063,.T.);
#1065=ORIENTED_EDGE('',*,*,#1064,.T.);
#1066=EDGE_LOOP('',(#1054,#1059,#1060,#1065));
#1067=FACE_BOUND('',#1066,.T.);
#1068=ADVANCED_FACE('',(#1067),#1053,.F.);
#1069=CARTESIAN_POINT('',(-11.859572064,21.,1.));
#1070=CARTESIAN_POINT('',(-11.859572064,21.,-1.));
#1071=CARTESIAN_POINT('',(-12.5,21.,1.));
#1072=CARTESIAN_POINT('',(-12.5,21.,-1.));
#1073=B_SPLINE_SURFACE_WITH_KNOTS('',1,1,((#1069,#1070),(#1071,#1072)),.UNSPECIFIED.,.F.,.F.,.U.,(2,2),(2,2),(-0.003640428,-0.003),(-0.002,0.),.UNSPECIFIED.);
#1074=ORIENTED_EDGE('',*,*,#948,.T.);
#1075=CARTESIAN_POINT('',(-11.859572064,21.,1.));
#1076=CARTESIAN_POINT('',(-11.859572064,21.,-1.));
#1077=B_SPLINE_CURVE_WITH_KNOTS('',1,(#1075,#1076),.UNSPECIFIED.,.F.,.F.,(2,2),(0.,0.002),.UNSPECIFIED.);
#1078=EDGE_CURVE('',#936,#304,#1077,.T.);
#1079=ORIENTED_EDGE('',*,*,#1078,.T.);
#1080=ORIENTED_EDGE('',*,*,#308,.F.);
#1081=CARTESIAN_POINT('',(-12.5,21.,-1.));
#1082=CARTESIAN_POINT('',(-12.5,21.,1.));
#1083=B_SPLINE_CURVE_WITH_KNOTS('',1,(#1081,#1082),.UNSPECIFIED.,.F.,.F.,(2,2),(0.,0.002),.UNSPECIFIED.);
#1084=EDGE_CURVE('',#296,#944,#1083,.T.);
#1085=ORIENTED_EDGE('',*,*,#1084,.T.);
#1086=EDGE_LOOP('',(#1074,#1079,#1080,#1085));
#1087=FACE_BOUND('',#1086,.T.);
#1088=ADVANCED_FACE('',(#1087),#1073,.F.);
#1089=CARTESIAN_POINT('',(-11.,16.374340462,-1.));
#1090=CARTESIAN_POINT('',(-11.,16.374340462,1.));
#1091=CARTESIAN_POINT('',(-9.008141571,16.374340462,-1.));
#1092=CARTESIAN_POINT('',(-9.008141571,16.374340462,1.));
#1093=CARTESIAN_POINT('',(-10.004070786,18.099340462,-1.));
#1094=CARTESIAN_POINT('',(-10.004070786,18.099340462,1.));
#1095=CARTESIAN_POINT('',(-11.,19.824340462,-1.));
#1096=CARTESIAN_POINT('',(-11.,19.824340462,1.));
#1097=CARTESIAN_POINT('',(-11.995929214,18.099340462,-1.));
#1098=CARTESIAN_POINT('',(-11.995929214,18.099340462,1.));
#1099=CARTESIAN_POINT('',(-12.991858429,16.374340462,-1.));
#1100=CARTESIAN_POINT('',(-12.991858429,16.374340462,1.));
#1101=CARTESIAN_POINT('',(-11.,16.374340462,-1.));
#1102=CARTESIAN_POINT('',(-11.,16.374340462,1.));
#1103=(BOUNDED_SURFACE()
B_SPLINE_SURFACE(2,1,((#1089,#1090),(#1091,#1092),(#1093,#1094),(#1095,#1096),(#1097,#1098),(#1099,#1100),(#1101,#1102)),.UNSPECIFIED.,.T.,.F.,.U.)
B_SPLINE_SURFACE_WITH_KNOTS((3,2,2,3),(2,2),(0.,2.094395102,4.188790205,6.283185307),(0.064667385,0.066667385),.UNSPECIFIED.)
GEOMETRIC_REPRESENTATION_ITEM()
RATIONAL_B_SPLINE_SURFACE(((1.,1.),(0.5,0.5),(1.,1.),(0.5,0.5),(1.,1.),(0.5,0.5),(1.,1.)))
REPRESENTATION_ITEM('')
SURFACE()
);
#1104=CARTESIAN_POINT('',(-11.,16.374340462,1.));
#1105=CARTESIAN_POINT('',(-11.,16.374340462,-1.));
#1106=B_SPLINE_CURVE_WITH_KNOTS('',1,(#1104,#1105),.UNSPECIFIED.,.F.,.F.,(2,2),(0.064667385,0.066667385),.UNSPECIFIED.);
#1107=EDGE_CURVE('',#788,#570,#1106,.T.);
#1108=ORIENTED_EDGE('',*,*,#1107,.F.);
#1109=ORIENTED_EDGE('',*,*,#799,.F.);
#1110=ORIENTED_EDGE('',*,*,#811,.F.);
#1111=ORIENTED_EDGE('',*,*,#1107,.T.);
#1112=ORIENTED_EDGE('',*,*,#583,.T.);
#1113=ORIENTED_EDGE('',*,*,#595,.T.);
#1114=EDGE_LOOP('',(#1108,#1109,#1110,#1111,#1112,#1113));
#1115=FACE_BOUND('',#1114,.T.);
#1116=ADVANCED_FACE('',(#1115),#1103,.F.);
#1117=CARTESIAN_POINT('',(-11.,1.374340462,-1.));
#1118=CARTESIAN_POINT('',(-11.,1.374340462,1.));
#1119=CARTESIAN_POINT('',(-9.008141571,1.374340462,-1.));
#1120=CARTESIAN_POINT('',(-9.008141571,1.374340462,1.));
#1121=CARTESIAN_POINT('',(-10.004070786,3.099340462,-1.));
#1122=CARTESIAN_POINT('',(-10.004070786,3.099340462,1.));
#1123=CARTESIAN_POINT('',(-11.,4.824340462,-1.));
#1124=CARTESIAN_POINT('',(-11.,4.824340462,1.));
#1125=CARTESIAN_POINT('',(-11.995929214,3.099340462,-1.));
#1126=CARTESIAN_POINT('',(-11.995929214,3.099340462,1.));
#1127=CARTESIAN_POINT('',(-12.991858429,1.374340462,-1.));
#1128=CARTESIAN_POINT('',(-12.991858429,1.374340462,1.));
#1129=CARTESIAN_POINT('',(-11.,1.374340462,-1.));
#1130=CARTESIAN_POINT('',(-11.,1.374340462,1.));
#1131=(BOUNDED_SURFACE()
B_SPLINE_SURFACE(2,1,((#1117,#1118),(#1119,#1120),(#1121,#1122),(#1123,#1124),(#1125,#1126),(#1127,#1128),(#1129,#1130)),.UNSPECIFIED.,.T.,.F.,.U.)
B_SPLINE_SURFACE_WITH_KNOTS((3,2,2,3),(2,2),(0.,2.094395102,4.188790205,6.283185307),(0.057440496,0.059440496),.UNSPECIFIED.)
GEOMETRIC_REPRESENTATION_ITEM()
RATIONAL_B_SPLINE_SURFACE(((1.,1.),(0.5,0.5),(1.,1.),(0.5,0.5),(1.,1.),(0.5,0.5),(1.,1.)))
REPRESENTATION_ITEM('')
SURFACE()
);
#1132=CARTESIAN_POINT('',(-11.,1.374340462,1.));
#1133=CARTESIAN_POINT('',(-11.,1.374340462,-1.));
#1134=B_SPLINE_CURVE_WITH_KNOTS('',1,(#1132,#1133),.UNSPECIFIED.,.F.,.F.,(2,2),(0.057440496,0.059440496),.UNSPECIFIED.);
#1135=EDGE_CURVE('',#758,#540,#1134,.T.);
#1136=ORIENTED_EDGE('',*,*,#1135,.F.);
#1137=ORIENTED_EDGE('',*,*,#769,.F.);
#1138=ORIENTED_EDGE('',*,*,#781,.F.);
#1139=ORIENTED_EDGE('',*,*,#1135,.T.);
#1140=ORIENTED_EDGE('',*,*,#553,.T.);
#1141=ORIENTED_EDGE('',*,*,#565,.T.);
#1142=EDGE_LOOP('',(#1136,#1137,#1138,#1139,#1140,#1141));
#1143=FACE_BOUND('',#1142,.T.);
#1144=ADVANCED_FACE('',(#1143),#1131,.F.);
#1145=CARTESIAN_POINT('',(11.,1.374340462,-1.));
#1146=CARTESIAN_POINT('',(11.,1.374340462,1.));
#1147=CARTESIAN_POINT('',(12.991858429,1.374340462,-1.));
#1148=CARTESIAN_POINT('',(12.991858429,1.374340462,1.));
#1149=CARTESIAN_POINT('',(11.995929214,3.099340462,-1.));
#1150=CARTESIAN_POINT('',(11.995929214,3.099340462,1.));
#1151=CARTESIAN_POINT('',(11.,4.824340462,-1.));
#1152=CARTESIAN_POINT('',(11.,4.824340462,1.));
#1153=CARTESIAN_POINT('',(10.004070786,3.099340462,-1.));
#1154=CARTESIAN_POINT('',(10.004070786,3.099340462,1.));
#1155=CARTESIAN_POINT('',(9.008141571,1.374340462,-1.));
#1156=CARTESIAN_POINT('',(9.008141571,1.374340462,1.));
#1157=CARTESIAN_POINT('',(11.,1.374340462,-1.));
#1158=CARTESIAN_POINT('',(11.,1.374340462,1.));
#1159=(BOUNDED_SURFACE()
B_SPLINE_SURFACE(2,1,((#1145,#1146),(#1147,#1148),(#1149,#1150),(#1151,#1152),(#1153,#1154),(#1155,#1156),(#1157,#1158)),.UNSPECIFIED.,.T.,.F.,.U.)
B_SPLINE_SURFACE_WITH_KNOTS((3,2,2,3),(2,2),(0.,2.094395102,4.188790205,6.283185307),(0.060576834,0.062576834),.UNSPECIFIED.)
GEOMETRIC_REPRESENTATION_ITEM()
RATIONAL_B_SPLINE_SURFACE(((1.,1.),(0.5,0.5),(1.,1.),(0.5,0.5),(1.,1.),(0.5,0.5),(1.,1.)))
REPRESENTATION_ITEM('')
SURFACE()
);
#1160=CARTESIAN_POINT('',(11.,1.374340462,1.));
#1161=CARTESIAN_POINT('',(11.,1.374340462,-1.));
#1162=B_SPLINE_CURVE_WITH_KNOTS('',1,(#1160,#1161),.UNSPECIFIED.,.F.,.F.,(2,2),(0.060576834,0.062576834),.UNSPECIFIED.);
#1163=EDGE_CURVE('',#728,#510,#1162,.T.);
#1164=ORIENTED_EDGE('',*,*,#1163,.F.);
#1165=ORIENTED_EDGE('',*,*,#739,.F.);
#1166=ORIENTED_EDGE('',*,*,#751,.F.);
#1167=ORIENTED_EDGE('',*,*,#1163,.T.);
#1168=ORIENTED_EDGE('',*,*,#523,.T.);
#1169=ORIENTED_EDGE('',*,*,#535,.T.);
#1170=EDGE_LOOP('',(#1164,#1165,#1166,#1167,#1168,#1169));
#1171=FACE_BOUND('',#1170,.T.);
#1172=ADVANCED_FACE('',(#1171),#1159,.F.);
#1173=CARTESIAN_POINT('',(11.,16.374340462,-1.));
#1174=CARTESIAN_POINT('',(11.,16.374340462,1.));
#1175=CARTESIAN_POINT('',(12.991858429,16.374340462,-1.));
#1176=CARTESIAN_POINT('',(12.991858429,16.374340462,1.));
#1177=CARTESIAN_POINT('',(11.995929214,18.099340462,-1.));
#1178=CARTESIAN_POINT('',(11.995929214,18.099340462,1.));
#1179=CARTESIAN_POINT('',(11.,19.824340462,-1.));
#1180=CARTESIAN_POINT('',(11.,19.824340462,1.));
#1181=CARTESIAN_POINT('',(10.004070786,18.099340462,-1.));
#1182=CARTESIAN_POINT('',(10.004070786,18.099340462,1.));
#1183=CARTESIAN_POINT('',(9.008141571,16.374340462,-1.));
#1184=CARTESIAN_POINT('',(9.008141571,16.374340462,1.));
#1185=CARTESIAN_POINT('',(11.,16.374340462,-1.));
#1186=CARTESIAN_POINT('',(11.,16.374340462,1.));
#1187=(BOUNDED_SURFACE()
B_SPLINE_SURFACE(2,1,((#1173,#1174),(#1175,#1176),(#1177,#1178),(#1179,#1180),(#1181,#1182),(#1183,#1184),(#1185,#1186)),.UNSPECIFIED.,.T.,.F.,.U.)
B_SPLINE_SURFACE_WITH_KNOTS((3,2,2,3),(2,2),(0.,2.094395102,4.188790205,6.283185307),(0.079780974,0.081780974),.UNSPECIFIED.)
GEOMETRIC_REPRESENTATION_ITEM()
RATIONAL_B_SPLINE_SURFACE(((1.,1.),(0.5,0.5),(1.,1.),(0.5,0.5),(1.,1.),(0.5,0.5),(1.,1.)))
REPRESENTATION_ITEM('')
SURFACE()
);
#1188=CARTESIAN_POINT('',(11.,16.374340462,1.));
#1189=CARTESIAN_POINT('',(11.,16.374340462,-1.));
#1190=B_SPLINE_CURVE_WITH_KNOTS('',1,(#1188,#1189),.UNSPECIFIED.,.F.,.F.,(2,2),(0.079780974,0.081780974),.UNSPECIFIED.);
#1191=EDGE_CURVE('',#698,#480,#1190,.T.);
#1192=ORIENTED_EDGE('',*,*,#1191,.F.);
#1193=ORIENTED_EDGE('',*,*,#709,.F.);
#1194=ORIENTED_EDGE('',*,*,#721,.F.);
#1195=ORIENTED_EDGE('',*,*,#1191,.T.);
#1196=ORIENTED_EDGE('',*,*,#493,.T.);
#1197=ORIENTED_EDGE('',*,*,#505,.T.);
#1198=EDGE_LOOP('',(#1192,#1193,#1194,#1195,#1196,#1197));
#1199=FACE_BOUND('',#1198,.T.);
#1200=ADVANCED_FACE('',(#1199),#1187,.F.);
#1201=CARTESIAN_POINT('',(-9.663379814,-18.010103547,-1.));
#1202=CARTESIAN_POINT('',(-9.663379814,-18.010103547,1.));
#1203=CARTESIAN_POINT('',(-7.065303603,-18.010103547,-1.));
#1204=CARTESIAN_POINT('',(-7.065303603,-18.010103547,1.));
#1205=CARTESIAN_POINT('',(-8.364341708,-15.760103547,-1.));
#1206=CARTESIAN_POINT('',(-8.364341708,-15.760103547,1.));
#1207=CARTESIAN_POINT('',(-9.663379814,-13.510103547,-1.));
#1208=CARTESIAN_POINT('',(-9.663379814,-13.510103547,1.));
#1209=CARTESIAN_POINT('',(-10.96241792,-15.760103547,-1.));
#1210=CARTESIAN_POINT('',(-10.96241792,-15.760103547,1.));
#1211=CARTESIAN_POINT('',(-12.261456025,-18.010103547,-1.));
#1212=CARTESIAN_POINT('',(-12.261456025,-18.010103547,1.));
#1213=CARTESIAN_POINT('',(-9.663379814,-18.010103547,-1.));
#1214=CARTESIAN_POINT('',(-9.663379814,-18.010103547,1.));
#1215=(BOUNDED_SURFACE()
B_SPLINE_SURFACE(2,1,((#1201,#1202),(#1203,#1204),(#1205,#1206),(#1207,#1208),(#1209,#1210),(#1211,#1212),(#1213,#1214)),.UNSPECIFIED.,.T.,.F.,.U.)
B_SPLINE_SURFACE_WITH_KNOTS((3,2,2,3),(2,2),(0.,2.094395102,4.188790205,6.283185307),(0.080764529,0.082764529),.UNSPECIFIED.)
GEOMETRIC_REPRESENTATION_ITEM()
RATIONAL_B_SPLINE_SURFACE(((1.,1.),(0.5,0.5),(1.,1.),(0.5,0.5),(1.,1.),(0.5,0.5),(1.,1.)))
REPRESENTATION_ITEM('')
SURFACE()
);
#1216=CARTESIAN_POINT('',(-9.663379814,-18.010103547,1.));
#1217=CARTESIAN_POINT('',(-9.663379814,-18.010103547,-1.));
#1218=B_SPLINE_CURVE_WITH_KNOTS('',1,(#1216,#1217),.UNSPECIFIED.,.F.,.F.,(2,2),(0.080764529,0.082764529),.UNSPECIFIED.);
#1219=EDGE_CURVE('',#668,#450,#1218,.T.);
#1220=ORIENTED_EDGE('',*,*,#1219,.F.);
#1221=ORIENTED_EDGE('',*,*,#679,.F.);
#1222=ORIENTED_EDGE('',*,*,#691,.F.);
#1223=ORIENTED_EDGE('',*,*,#1219,.T.);
#1224=ORIENTED_EDGE('',*,*,#463,.T.);
#1225=ORIENTED_EDGE('',*,*,#475,.T.);
#1226=EDGE_LOOP('',(#1220,#1221,#1222,#1223,#1224,#1225));
#1227=FACE_BOUND('',#1226,.T.);
#1228=ADVANCED_FACE('',(#1227),#1215,.F.);
#1229=CARTESIAN_POINT('',(9.636620186,-18.010103547,-1.));
#1230=CARTESIAN_POINT('',(9.636620186,-18.010103547,1.));
#1231=CARTESIAN_POINT('',(12.234696397,-18.010103547,-1.));
#1232=CARTESIAN_POINT('',(12.234696397,-18.010103547,1.));
#1233=CARTESIAN_POINT('',(10.935658292,-15.760103547,-1.));
#1234=CARTESIAN_POINT('',(10.935658292,-15.760103547,1.));
#1235=CARTESIAN_POINT('',(9.636620186,-13.510103547,-1.));
#1236=CARTESIAN_POINT('',(9.636620186,-13.510103547,1.));
#1237=CARTESIAN_POINT('',(8.33758208,-15.760103547,-1.));
#1238=CARTESIAN_POINT('',(8.33758208,-15.760103547,1.));
#1239=CARTESIAN_POINT('',(7.038543975,-18.010103547,-1.));
#1240=CARTESIAN_POINT('',(7.038543975,-18.010103547,1.));
#1241=CARTESIAN_POINT('',(9.636620186,-18.010103547,-1.));
#1242=CARTESIAN_POINT('',(9.636620186,-18.010103547,1.));
#1243=(BOUNDED_SURFACE()
B_SPLINE_SURFACE(2,1,((#1229,#1230),(#1231,#1232),(#1233,#1234),(#1235,#1236),(#1237,#1238),(#1239,#1240),(#1241,#1242)),.UNSPECIFIED.,.T.,.F.,.U.)
B_SPLINE_SURFACE_WITH_KNOTS((3,2,2,3),(2,2),(0.,2.094395102,4.188790205,6.283185307),(0.06756129,0.06956129),.UNSPECIFIED.)
GEOMETRIC_REPRESENTATION_ITEM()
RATIONAL_B_SPLINE_SURFACE(((1.,1.),(0.5,0.5),(1.,1.),(0.5,0.5),(1.,1.),(0.5,0.5),(1.,1.)))
REPRESENTATION_ITEM('')
SURFACE()
);
#1244=CARTESIAN_POINT('',(9.636620186,-18.010103547,1.));
#1245=CARTESIAN_POINT('',(9.636620186,-18.010103547,-1.));
#1246=B_SPLINE_CURVE_WITH_KNOTS('',1,(#1244,#1245),.UNSPECIFIED.,.F.,.F.,(2,2),(0.06756129,0.06956129),.UNSPECIFIED.);
#1247=EDGE_CURVE('',#638,#420,#1246,.T.);
#1248=ORIENTED_EDGE('',*,*,#1247,.F.);
#1249=ORIENTED_EDGE('',*,*,#649,.F.);
#1250=ORIENTED_EDGE('',*,*,#661,.F.);
#1251=ORIENTED_EDGE('',*,*,#1247,.T.);
#1252=ORIENTED_EDGE('',*,*,#433,.T.);
#1253=ORIENTED_EDGE('',*,*,#445,.T.);
#1254=EDGE_LOOP('',(#1248,#1249,#1250,#1251,#1252,#1253));
#1255=FACE_BOUND('',#1254,.T.);
#1256=ADVANCED_FACE('',(#1255),#1243,.F.);
#1257=CARTESIAN_POINT('',(-12.663640775,-16.,1.));
#1258=CARTESIAN_POINT('',(-12.663640775,-16.,-1.));
#1259=CARTESIAN_POINT('',(-12.663640775,-3.363038303,1.));
#1260=CARTESIAN_POINT('',(-12.663640775,-3.363038303,-1.));
#1261=B_SPLINE_SURFACE_WITH_KNOTS('',1,1,((#1257,#1258),(#1259,#1260)),.UNSPECIFIED.,.F.,.F.,.U.,(2,2),(2,2),(-0.014948928,-0.002311966),(-0.088630201,-0.086630201),.UNSPECIFIED.);
#1262=ORIENTED_EDGE('',*,*,#245,.F.);
#1263=CARTESIAN_POINT('',(-12.663640775,-16.,-1.));
#1264=CARTESIAN_POINT('',(-12.663640775,-16.,1.));
#1265=B_SPLINE_CURVE_WITH_KNOTS('',1,(#1263,#1264),.UNSPECIFIED.,.F.,.F.,(2,2),(-0.002,0.),.UNSPECIFIED.);
#1266=EDGE_CURVE('',#233,#1007,#1265,.T.);
#1267=ORIENTED_EDGE('',*,*,#1266,.T.);
#1268=ORIENTED_EDGE('',*,*,#1011,.T.);
#1269=CARTESIAN_POINT('',(-12.663640775,-3.363038303,1.));
#1270=CARTESIAN_POINT('',(-12.663640775,-3.363038303,-1.));
#1271=B_SPLINE_CURVE_WITH_KNOTS('',1,(#1269,#1270),.UNSPECIFIED.,.F.,.F.,(2,2),(0.,0.002),.UNSPECIFIED.);
#1272=EDGE_CURVE('',#999,#241,#1271,.T.);
#1273=ORIENTED_EDGE('',*,*,#1272,.T.);
#1274=EDGE_LOOP('',(#1262,#1267,#1268,#1273));
#1275=FACE_BOUND('',#1274,.T.);
#1276=ADVANCED_FACE('',(#1275),#1261,.T.);
#1277=CARTESIAN_POINT('',(12.547111456,-3.283022869,1.));
#1278=CARTESIAN_POINT('',(12.547111456,-3.283022869,-1.));
#1279=CARTESIAN_POINT('',(12.56170135,-15.99655724,1.));
#1280=CARTESIAN_POINT('',(12.56170135,-15.99655724,-1.));
#1281=B_SPLINE_SURFACE_WITH_KNOTS('',1,1,((#1277,#1278),(#1279,#1280)),.UNSPECIFIED.,.F.,.F.,.U.,(2,2),(2,2),(-0.015716987,-0.003003445),(-0.070278041,-0.068278041),.UNSPECIFIED.);
#1282=ORIENTED_EDGE('',*,*,#849,.T.);
#1283=CARTESIAN_POINT('',(12.56170135,-15.99655724,1.));
#1284=CARTESIAN_POINT('',(12.56170135,-15.99655724,-1.));
#1285=B_SPLINE_CURVE_WITH_KNOTS('',1,(#1283,#1284),.UNSPECIFIED.,.F.,.F.,(2,2),(0.,0.002),.UNSPECIFIED.);
#1286=EDGE_CURVE('',#835,#403,#1285,.T.);
#1287=ORIENTED_EDGE('',*,*,#1286,.T.);
#1288=ORIENTED_EDGE('',*,*,#407,.F.);
#1289=CARTESIAN_POINT('',(12.547111456,-3.283022869,-1.));
#1290=CARTESIAN_POINT('',(12.547111456,-3.283022869,1.));
#1291=B_SPLINE_CURVE_WITH_KNOTS('',1,(#1289,#1290),.UNSPECIFIED.,.F.,.F.,(2,2),(0.,0.002),.UNSPECIFIED.);
#1292=EDGE_CURVE('',#395,#845,#1291,.T.);
#1293=ORIENTED_EDGE('',*,*,#1292,.T.);
#1294=EDGE_LOOP('',(#1282,#1287,#1288,#1293));
#1295=FACE_BOUND('',#1294,.T.);
#1296=ADVANCED_FACE('',(#1295),#1281,.T.);
#1297=CARTESIAN_POINT('',(6.777414949,-17.709974769,-1.));
#1298=CARTESIAN_POINT('',(6.777414949,-17.709974769,1.));
#1299=CARTESIAN_POINT('',(-0.099923906,-7.796198507,-1.));
#1300=CARTESIAN_POINT('',(-0.099923906,-7.796198507,1.));
#1301=CARTESIAN_POINT('',(-6.97726276,-17.709974769,-1.));
#1302=CARTESIAN_POINT('',(-6.97726276,-17.709974769,1.));
#1303=(BOUNDED_SURFACE()
B_SPLINE_SURFACE(2,1,((#1297,#1298),(#1299,#1300),(#1301,#1302)),.UNSPECIFIED.,.F.,.F.,.U.)
B_SPLINE_SURFACE_WITH_KNOTS((3,3),(2,2),(2.192346038,4.090839269),(0.098027388,0.100027388),.UNSPECIFIED.)
GEOMETRIC_REPRESENTATION_ITEM()
RATIONAL_B_SPLINE_SURFACE(((0.955419131,0.955419131),(0.544580869,0.544580869),(0.955419131,0.955419131)))
REPRESENTATION_ITEM('')
SURFACE()
);
#1304=ORIENTED_EDGE('',*,*,#223,.T.);
#1305=CARTESIAN_POINT('',(6.777414949,-17.709974769,-1.));
#1306=CARTESIAN_POINT('',(6.777414949,-17.709974769,1.));
#1307=B_SPLINE_CURVE_WITH_KNOTS('',1,(#1305,#1306),.UNSPECIFIED.,.F.,.F.,(2,2),(0.098027388,0.100027388),.UNSPECIFIED.);
#1308=EDGE_CURVE('',#208,#818,#1307,.T.);
#1309=ORIENTED_EDGE('',*,*,#1308,.T.);
#1310=ORIENTED_EDGE('',*,*,#825,.F.);
#1311=CARTESIAN_POINT('',(-6.97726276,-17.709974769,1.));
#1312=CARTESIAN_POINT('',(-6.97726276,-17.709974769,-1.));
#1313=B_SPLINE_CURVE_WITH_KNOTS('',1,(#1311,#1312),.UNSPECIFIED.,.F.,.F.,(2,2),(0.098027388,0.100027388),.UNSPECIFIED.);
#1314=EDGE_CURVE('',#816,#216,#1313,.T.);
#1315=ORIENTED_EDGE('',*,*,#1314,.T.);
#1316=EDGE_LOOP('',(#1304,#1309,#1310,#1315));
#1317=FACE_BOUND('',#1316,.T.);
#1318=ADVANCED_FACE('',(#1317),#1303,.F.);
#1319=CARTESIAN_POINT('',(-0.04143001,14.997956765,-1.));
#1320=CARTESIAN_POINT('',(-0.04143001,14.997956765,1.));
#1321=CARTESIAN_POINT('',(3.328825335,14.997956765,-1.));
#1322=CARTESIAN_POINT('',(3.328825335,14.997956765,1.));
#1323=CARTESIAN_POINT('',(5.316989897,17.719320902,-1.));
#1324=CARTESIAN_POINT('',(5.316989897,17.719320902,1.));
#1325=(BOUNDED_SURFACE()
B_SPLINE_SURFACE(2,1,((#1319,#1320),(#1321,#1322),(#1323,#1324)),.UNSPECIFIED.,.F.,.F.,.U.)
B_SPLINE_SURFACE_WITH_KNOTS((3,3),(2,2),(0.,0.949743782),(0.08931315,0.09131315),.UNSPECIFIED.)
GEOMETRIC_REPRESENTATION_ITEM()
RATIONAL_B_SPLINE_SURFACE(((1.,1.),(0.773265374,0.773265374),(0.75216511,0.75216511)))
REPRESENTATION_ITEM('')
SURFACE()
);
#1326=CARTESIAN_POINT('',(-0.04143001,14.997956765,1.));
#1327=CARTESIAN_POINT('',(-0.04143001,14.997956765,-1.));
#1328=B_SPLINE_CURVE_WITH_KNOTS('',1,(#1326,#1327),.UNSPECIFIED.,.F.,.F.,(2,2),(0.08931315,0.09131315),.UNSPECIFIED.);
#1329=EDGE_CURVE('',#916,#319,#1328,.T.);
#1330=ORIENTED_EDGE('',*,*,#1329,.F.);
#1331=ORIENTED_EDGE('',*,*,#923,.F.);
#1332=CARTESIAN_POINT('',(5.316989896,17.719320901,1.));
#1333=CARTESIAN_POINT('',(5.316989896,17.719320901,-1.));
#1334=B_SPLINE_CURVE_WITH_KNOTS('',1,(#1332,#1333),.UNSPECIFIED.,.F.,.F.,(2,2),(0.08931315,0.09131315),.UNSPECIFIED.);
#1335=EDGE_CURVE('',#908,#329,#1334,.T.);
#1336=ORIENTED_EDGE('',*,*,#1335,.T.);
#1337=ORIENTED_EDGE('',*,*,#336,.T.);
#1338=EDGE_LOOP('',(#1330,#1331,#1336,#1337));
#1339=FACE_BOUND('',#1338,.T.);
#1340=ADVANCED_FACE('',(#1339),#1325,.F.);
#1341=CARTESIAN_POINT('',(-14.062768067,4.077300441,-1.));
#1342=CARTESIAN_POINT('',(-14.062768067,4.077300441,1.));
#1343=CARTESIAN_POINT('',(-8.534353021,7.451086529,-1.));
#1344=CARTESIAN_POINT('',(-8.534353021,7.451086529,1.));
#1345=CARTESIAN_POINT('',(-11.772632097,13.059950417,-1.));
#1346=CARTESIAN_POINT('',(-11.772632097,13.059950417,1.));
#1347=CARTESIAN_POINT('',(-12.618572345,14.525161906,-1.));
#1348=CARTESIAN_POINT('',(-12.618572345,14.525161906,1.));
#1349=CARTESIAN_POINT('',(-14.062768068,15.406500843,-1.));
#1350=CARTESIAN_POINT('',(-14.062768068,15.406500843,1.));
#1351=(BOUNDED_SURFACE()
B_SPLINE_SURFACE(2,1,((#1341,#1342),(#1343,#1344),(#1345,#1346),(#1347,#1348),(#1349,#1350)),.UNSPECIFIED.,.F.,.F.,.U.)
B_SPLINE_SURFACE_WITH_KNOTS((3,2,3),(2,2),(0.584767514,2.094395102,2.631856317),(0.074216103,0.076216103),.UNSPECIFIED.)
GEOMETRIC_REPRESENTATION_ITEM()
RATIONAL_B_SPLINE_SURFACE(((0.798750025,0.798750025),(0.639602961,0.639602961),(1.,1.),(0.871690586,0.871690586),(0.809234395,0.809234395)))
REPRESENTATION_ITEM('')
SURFACE()
);
#1352=ORIENTED_EDGE('',*,*,#286,.T.);
#1353=CARTESIAN_POINT('',(-14.062768067,4.077300441,-1.));
#1354=CARTESIAN_POINT('',(-14.062768067,4.077300441,1.));
#1355=B_SPLINE_CURVE_WITH_KNOTS('',1,(#1353,#1354),.UNSPECIFIED.,.F.,.F.,(2,2),(0.074216103,0.076216103),.UNSPECIFIED.);
#1356=EDGE_CURVE('',#271,#966,#1355,.T.);
#1357=ORIENTED_EDGE('',*,*,#1356,.T.);
#1358=ORIENTED_EDGE('',*,*,#973,.F.);
#1359=CARTESIAN_POINT('',(-14.062768067,15.406500843,1.));
#1360=CARTESIAN_POINT('',(-14.062768067,15.406500843,-1.));
#1361=B_SPLINE_CURVE_WITH_KNOTS('',1,(#1359,#1360),.UNSPECIFIED.,.F.,.F.,(2,2),(0.074216103,0.076216103),.UNSPECIFIED.);
#1362=EDGE_CURVE('',#958,#279,#1361,.T.);
#1363=ORIENTED_EDGE('',*,*,#1362,.T.);
#1364=EDGE_LOOP('',(#1352,#1357,#1358,#1363));
#1365=FACE_BOUND('',#1364,.T.);
#1366=ADVANCED_FACE('',(#1365),#1351,.F.);
#1367=CARTESIAN_POINT('',(14.082423901,15.379736915,-1.));
#1368=CARTESIAN_POINT('',(14.082423901,15.379736915,1.));
#1369=CARTESIAN_POINT('',(12.668126971,14.501639678,-1.));
#1370=CARTESIAN_POINT('',(12.668126971,14.501639678,1.));
#1371=CARTESIAN_POINT('',(11.835767289,13.059950417,-1.));
#1372=CARTESIAN_POINT('',(11.835767289,13.059950417,1.));
#1373=CARTESIAN_POINT('',(8.622317053,7.494091341,-1.));
#1374=CARTESIAN_POINT('',(8.622317053,7.494091341,1.));
#1375=CARTESIAN_POINT('',(14.082423901,4.104064368,-1.));
#1376=CARTESIAN_POINT('',(14.082423901,4.104064368,1.));
#1377=(BOUNDED_SURFACE()
B_SPLINE_SURFACE(2,1,((#1367,#1368),(#1369,#1370),(#1371,#1372),(#1373,#1374),(#1375,#1376)),.UNSPECIFIED.,.F.,.F.,.U.)
B_SPLINE_SURFACE_WITH_KNOTS((3,2,3),(2,2),(3.658865723,4.188790205,5.690994029),(0.09108279,0.09308279),.UNSPECIFIED.)
GEOMETRIC_REPRESENTATION_ITEM()
RATIONAL_B_SPLINE_SURFACE(((0.810998971,0.810998971),(0.873489849,0.873489849),(1.,1.),(0.641375254,0.641375254),(0.797197342,0.797197342)))
REPRESENTATION_ITEM('')
SURFACE()
);
#1378=ORIENTED_EDGE('',*,*,#883,.F.);
#1379=CARTESIAN_POINT('',(14.082423901,4.104064368,1.));
#1380=CARTESIAN_POINT('',(14.082423901,4.104064368,-1.));
#1381=B_SPLINE_CURVE_WITH_KNOTS('',1,(#1379,#1380),.UNSPECIFIED.,.F.,.F.,(2,2),(0.09108279,0.09308279),.UNSPECIFIED.);
#1382=EDGE_CURVE('',#868,#369,#1381,.T.);
#1383=ORIENTED_EDGE('',*,*,#1382,.T.);
#1384=ORIENTED_EDGE('',*,*,#376,.T.);
#1385=CARTESIAN_POINT('',(14.082423901,15.379736915,-1.));
#1386=CARTESIAN_POINT('',(14.082423901,15.379736915,1.));
#1387=B_SPLINE_CURVE_WITH_KNOTS('',1,(#1385,#1386),.UNSPECIFIED.,.F.,.F.,(2,2),(0.09108279,0.09308279),.UNSPECIFIED.);
#1388=EDGE_CURVE('',#361,#876,#1387,.T.);
#1389=ORIENTED_EDGE('',*,*,#1388,.T.);
#1390=EDGE_LOOP('',(#1378,#1383,#1384,#1389));
#1391=FACE_BOUND('',#1390,.T.);
#1392=ADVANCED_FACE('',(#1391),#1377,.F.);
#1393=CARTESIAN_POINT('',(-12.5,21.,-1.));
#1394=CARTESIAN_POINT('',(-12.5,21.,1.));
#1395=CARTESIAN_POINT('',(-14.232050808,21.,-1.));
#1396=CARTESIAN_POINT('',(-14.232050808,21.,1.));
#1397=CARTESIAN_POINT('',(-15.098076211,19.5,-1.));
#1398=CARTESIAN_POINT('',(-15.098076211,19.5,1.));
#1399=CARTESIAN_POINT('',(-15.5,18.803847577,-1.));
#1400=CARTESIAN_POINT('',(-15.5,18.803847577,1.));
#1401=CARTESIAN_POINT('',(-15.5,18.,-1.));
#1402=CARTESIAN_POINT('',(-15.5,18.,1.));
#1403=(BOUNDED_SURFACE()
B_SPLINE_SURFACE(2,1,((#1393,#1394),(#1395,#1396),(#1397,#1398),(#1399,#1400),(#1401,#1402)),.UNSPECIFIED.,.F.,.F.,.U.)
B_SPLINE_SURFACE_WITH_KNOTS((3,2,3),(2,2),(3.141592654,4.188790205,4.749981681),(-0.,0.002),.UNSPECIFIED.)
GEOMETRIC_REPRESENTATION_ITEM()
RATIONAL_B_SPLINE_SURFACE(((0.75,0.75),(0.75,0.75),(1.,1.),(0.866025404,0.866025404),(0.803847577,0.803847577)))
REPRESENTATION_ITEM('')
SURFACE()
);
#1404=ORIENTED_EDGE('',*,*,#301,.F.);
#1405=ORIENTED_EDGE('',*,*,#58,.F.);
#1406=ORIENTED_EDGE('',*,*,#954,.F.);
#1407=ORIENTED_EDGE('',*,*,#1084,.F.);
#1408=EDGE_LOOP('',(#1404,#1405,#1406,#1407));
#1409=FACE_BOUND('',#1408,.T.);
#1410=ADVANCED_FACE('',(#1409),#1403,.T.);
#1411=CARTESIAN_POINT('',(-15.5,17.967312426,-1.));
#1412=CARTESIAN_POINT('',(-15.5,17.967312426,1.));
#1413=CARTESIAN_POINT('',(-15.5,16.283590037,-1.));
#1414=CARTESIAN_POINT('',(-15.5,16.283590037,1.));
#1415=CARTESIAN_POINT('',(-14.062768067,15.406500843,-1.));
#1416=CARTESIAN_POINT('',(-14.062768067,15.406500843,1.));
#1417=(BOUNDED_SURFACE()
B_SPLINE_SURFACE(2,1,((#1411,#1412),(#1413,#1414),(#1415,#1416)),.UNSPECIFIED.,.F.,.F.,.U.)
B_SPLINE_SURFACE_WITH_KNOTS((3,3),(2,2),(4.749981681,5.698417794),(0.074216103,0.076216103),.UNSPECIFIED.)
GEOMETRIC_REPRESENTATION_ITEM()
RATIONAL_B_SPLINE_SURFACE(((0.803847577,0.803847577),(0.698764556,0.698764556),(0.798750025,0.798750025)))
REPRESENTATION_ITEM('')
SURFACE()
);
#1418=ORIENTED_EDGE('',*,*,#292,.F.);
#1419=ORIENTED_EDGE('',*,*,#1362,.F.);
#1420=ORIENTED_EDGE('',*,*,#963,.F.);
#1421=ORIENTED_EDGE('',*,*,#46,.F.);
#1422=EDGE_LOOP('',(#1418,#1419,#1420,#1421));
#1423=FACE_BOUND('',#1422,.T.);
#1424=ADVANCED_FACE('',(#1423),#1417,.T.);
#1425=CARTESIAN_POINT('',(-5.399849916,17.719320902,-1.));
#1426=CARTESIAN_POINT('',(-5.399849916,17.719320902,1.));
#1427=CARTESIAN_POINT('',(-7.796636819,21.,-1.));
#1428=CARTESIAN_POINT('',(-7.796636819,21.,1.));
#1429=CARTESIAN_POINT('',(-11.859572064,21.,-1.));
#1430=CARTESIAN_POINT('',(-11.859572064,21.,1.));
#1431=(BOUNDED_SURFACE()
B_SPLINE_SURFACE(2,1,((#1425,#1426),(#1427,#1428),(#1429,#1430)),.UNSPECIFIED.,.F.,.F.,.U.)
B_SPLINE_SURFACE_WITH_KNOTS((3,3),(2,2),(2.220423983,3.141592654),(0.08931315,0.09131315),.UNSPECIFIED.)
GEOMETRIC_REPRESENTATION_ITEM()
RATIONAL_B_SPLINE_SURFACE(((0.943446595,0.943446595),(0.75,0.75),(0.75,0.75)))
REPRESENTATION_ITEM('')
SURFACE()
);
#1432=ORIENTED_EDGE('',*,*,#941,.F.);
#1433=CARTESIAN_POINT('',(-5.399849916,17.719320901,-1.));
#1434=CARTESIAN_POINT('',(-5.399849916,17.719320901,1.));
#1435=B_SPLINE_CURVE_WITH_KNOTS('',1,(#1433,#1434),.UNSPECIFIED.,.F.,.F.,(2,2),(0.08931315,0.09131315),.UNSPECIFIED.);
#1436=EDGE_CURVE('',#311,#926,#1435,.T.);
#1437=ORIENTED_EDGE('',*,*,#1436,.F.);
#1438=ORIENTED_EDGE('',*,*,#316,.F.);
#1439=ORIENTED_EDGE('',*,*,#1078,.F.);
#1440=EDGE_LOOP('',(#1432,#1437,#1438,#1439));
#1441=FACE_BOUND('',#1440,.T.);
#1442=ADVANCED_FACE('',(#1441),#1431,.T.);
#1443=CARTESIAN_POINT('',(15.5,18.,-1.));
#1444=CARTESIAN_POINT('',(15.5,18.,1.));
#1445=CARTESIAN_POINT('',(15.5,18.803847577,-1.));
#1446=CARTESIAN_POINT('',(15.5,18.803847577,1.));
#1447=CARTESIAN_POINT('',(15.098076211,19.5,-1.));
#1448=CARTESIAN_POINT('',(15.098076211,19.5,1.));
#1449=CARTESIAN_POINT('',(14.232050808,21.,-1.));
#1450=CARTESIAN_POINT('',(14.232050808,21.,1.));
#1451=CARTESIAN_POINT('',(12.5,21.,-1.));
#1452=CARTESIAN_POINT('',(12.5,21.,1.));
#1453=(BOUNDED_SURFACE()
B_SPLINE_SURFACE(2,1,((#1443,#1444),(#1445,#1446),(#1447,#1448),(#1449,#1450),(#1451,#1452)),.UNSPECIFIED.,.F.,.F.,.U.)
B_SPLINE_SURFACE_WITH_KNOTS((3,2,3),(2,2),(1.533203626,2.094395102,3.141592654),(-0.,0.002),.UNSPECIFIED.)
GEOMETRIC_REPRESENTATION_ITEM()
RATIONAL_B_SPLINE_SURFACE(((0.803847577,0.803847577),(0.866025404,0.866025404),(1.,1.),(0.75,0.75),(0.75,0.75)))
REPRESENTATION_ITEM('')
SURFACE()
);
#1454=ORIENTED_EDGE('',*,*,#351,.F.);
#1455=ORIENTED_EDGE('',*,*,#94,.F.);
#1456=ORIENTED_EDGE('',*,*,#904,.F.);
#1457=ORIENTED_EDGE('',*,*,#1044,.F.);
#1458=EDGE_LOOP('',(#1454,#1455,#1456,#1457));
#1459=FACE_BOUND('',#1458,.T.);
#1460=ADVANCED_FACE('',(#1459),#1453,.T.);
#1461=CARTESIAN_POINT('',(14.082423901,15.379736915,-1.));
#1462=CARTESIAN_POINT('',(14.082423901,15.379736915,1.));
#1463=CARTESIAN_POINT('',(15.5,16.259870097,-1.));
#1464=CARTESIAN_POINT('',(15.5,16.259870097,1.));
#1465=CARTESIAN_POINT('',(15.5,17.928449256,-1.));
#1466=CARTESIAN_POINT('',(15.5,17.928449256,1.));
#1467=(BOUNDED_SURFACE()
B_SPLINE_SURFACE(2,1,((#1461,#1462),(#1463,#1464),(#1465,#1466)),.UNSPECIFIED.,.F.,.F.,.U.)
B_SPLINE_SURFACE_WITH_KNOTS((3,3),(2,2),(0.592191278,1.533203626),(0.09108279,0.09308279),.UNSPECIFIED.)
GEOMETRIC_REPRESENTATION_ITEM()
RATIONAL_B_SPLINE_SURFACE(((0.797197342,0.797197342),(0.69958708,0.69958708),(0.803847577,0.803847577)))
REPRESENTATION_ITEM('')
SURFACE()
);
#1468=ORIENTED_EDGE('',*,*,#891,.F.);
#1469=ORIENTED_EDGE('',*,*,#1388,.F.);
#1470=ORIENTED_EDGE('',*,*,#366,.F.);
#1471=ORIENTED_EDGE('',*,*,#1038,.F.);
#1472=EDGE_LOOP('',(#1468,#1469,#1470,#1471));
#1473=FACE_BOUND('',#1472,.T.);
#1474=ADVANCED_FACE('',(#1473),#1467,.T.);
#1475=CARTESIAN_POINT('',(11.776712044,21.,-1.));
#1476=CARTESIAN_POINT('',(11.776712044,21.,1.));
#1477=CARTESIAN_POINT('',(7.713776799,21.,-1.));
#1478=CARTESIAN_POINT('',(7.713776799,21.,1.));
#1479=CARTESIAN_POINT('',(5.316989896,17.719320902,-1.));
#1480=CARTESIAN_POINT('',(5.316989896,17.719320902,1.));
#1481=(BOUNDED_SURFACE()
B_SPLINE_SURFACE(2,1,((#1475,#1476),(#1477,#1478),(#1479,#1480)),.UNSPECIFIED.,.F.,.F.,.U.)
B_SPLINE_SURFACE_WITH_KNOTS((3,3),(2,2),(3.141592654,4.062761324),(0.08931315,0.09131315),.UNSPECIFIED.)
GEOMETRIC_REPRESENTATION_ITEM()
RATIONAL_B_SPLINE_SURFACE(((0.75,0.75),(0.75,0.75),(0.943446595,0.943446595)))
REPRESENTATION_ITEM('')
SURFACE()
);
#1482=ORIENTED_EDGE('',*,*,#342,.F.);
#1483=ORIENTED_EDGE('',*,*,#1335,.F.);
#1484=ORIENTED_EDGE('',*,*,#913,.F.);
#1485=ORIENTED_EDGE('',*,*,#82,.F.);
#1486=EDGE_LOOP('',(#1482,#1483,#1484,#1485));
#1487=FACE_BOUND('',#1486,.T.);
#1488=ADVANCED_FACE('',(#1487),#1481,.T.);
#1489=CARTESIAN_POINT('',(-14.062768067,4.077300441,-1.));
#1490=CARTESIAN_POINT('',(-14.062768067,4.077300441,1.));
#1491=CARTESIAN_POINT('',(-14.715649648,3.678871094,-1.));
#1492=CARTESIAN_POINT('',(-14.715649648,3.678871094,1.));
#1493=CARTESIAN_POINT('',(-15.098076211,3.016488857,-1.));
#1494=CARTESIAN_POINT('',(-15.098076211,3.016488857,1.));
#1495=CARTESIAN_POINT('',(-15.5,2.320336434,-1.));
#1496=CARTESIAN_POINT('',(-15.5,2.320336434,1.));
#1497=CARTESIAN_POINT('',(-15.5,1.516488857,-1.));
#1498=CARTESIAN_POINT('',(-15.5,1.516488857,1.));
#1499=(BOUNDED_SURFACE()
B_SPLINE_SURFACE(2,1,((#1489,#1490),(#1491,#1492),(#1493,#1494),(#1495,#1496),(#1497,#1498)),.UNSPECIFIED.,.F.,.F.,.U.)
B_SPLINE_SURFACE_WITH_KNOTS((3,2,3),(2,2),(3.65132899,4.188790205,4.749981681),(0.074216103,0.076216103),.UNSPECIFIED.)
GEOMETRIC_REPRESENTATION_ITEM()
RATIONAL_B_SPLINE_SURFACE(((0.809234395,0.809234395),(0.871690586,0.871690586),(1.,1.),(0.866025404,0.866025404),(0.803847577,0.803847577)))
REPRESENTATION_ITEM('')
SURFACE()
);
#1500=ORIENTED_EDGE('',*,*,#981,.F.);
#1501=ORIENTED_EDGE('',*,*,#1356,.F.);
#1502=ORIENTED_EDGE('',*,*,#276,.F.);
#1503=ORIENTED_EDGE('',*,*,#1064,.F.);
#1504=EDGE_LOOP('',(#1500,#1501,#1502,#1503));
#1505=FACE_BOUND('',#1504,.T.);
#1506=ADVANCED_FACE('',(#1505),#1499,.T.);
#1507=CARTESIAN_POINT('',(-14.210745807,-0.738329517,1.));
#1508=CARTESIAN_POINT('',(-14.210745807,-0.738329517,-1.));
#1509=CARTESIAN_POINT('',(-14.81801439,-0.402178904,1.));
#1510=CARTESIAN_POINT('',(-14.81801439,-0.402178904,-1.));
#1511=CARTESIAN_POINT('',(-15.165063509,0.198927805,1.));
#1512=CARTESIAN_POINT('',(-15.165063509,0.198927805,-1.));
#1513=CARTESIAN_POINT('',(-15.5,0.779054824,1.));
#1514=CARTESIAN_POINT('',(-15.5,0.779054824,-1.));
#1515=CARTESIAN_POINT('',(-15.5,1.448927805,1.));
#1516=CARTESIAN_POINT('',(-15.5,1.448927805,-1.));
#1517=(BOUNDED_SURFACE()
B_SPLINE_SURFACE(2,1,((#1507,#1508),(#1509,#1510),(#1511,#1512),(#1513,#1514),(#1515,#1516)),.UNSPECIFIED.,.F.,.F.,.U.)
B_SPLINE_SURFACE_WITH_KNOTS((3,2,3),(2,2),(3.610107571,4.188790205,4.749981681),(-0.002,0.),.UNSPECIFIED.)
GEOMETRIC_REPRESENTATION_ITEM()
RATIONAL_B_SPLINE_SURFACE(((0.800041419,0.800041419),(0.861849697,0.861849697),(1.,1.),(0.866025404,0.866025404),(0.803847577,0.803847577)))
REPRESENTATION_ITEM('')
SURFACE()
);
#1518=ORIENTED_EDGE('',*,*,#261,.F.);
#1519=CARTESIAN_POINT('',(-14.210745807,-0.738329517,-1.));
#1520=CARTESIAN_POINT('',(-14.210745807,-0.738329517,1.));
#1521=B_SPLINE_CURVE_WITH_KNOTS('',1,(#1519,#1520),.UNSPECIFIED.,.F.,.F.,(2,2),(-0.002,0.),.UNSPECIFIED.);
#1522=EDGE_CURVE('',#248,#991,#1521,.T.);
#1523=ORIENTED_EDGE('',*,*,#1522,.T.);
#1524=ORIENTED_EDGE('',*,*,#996,.F.);
#1525=ORIENTED_EDGE('',*,*,#1058,.F.);
#1526=EDGE_LOOP('',(#1518,#1523,#1524,#1525));
#1527=FACE_BOUND('',#1526,.T.);
#1528=ADVANCED_FACE('',(#1527),#1517,.T.);
#1529=CARTESIAN_POINT('',(15.490894449,1.788912286,-1.));
#1530=CARTESIAN_POINT('',(15.490894449,1.788912286,1.));
#1531=CARTESIAN_POINT('',(15.437970572,2.466637725,-1.));
#1532=CARTESIAN_POINT('',(15.437970572,2.466637725,1.));
#1533=CARTESIAN_POINT('',(15.098076211,3.055352027,-1.));
#1534=CARTESIAN_POINT('',(15.098076211,3.055352027,1.));
#1535=CARTESIAN_POINT('',(14.721789052,3.707100505,-1.));
#1536=CARTESIAN_POINT('',(14.721789052,3.707100505,1.));
#1537=CARTESIAN_POINT('',(14.082423901,4.104064368,-1.));
#1538=CARTESIAN_POINT('',(14.082423901,4.104064368,1.));
#1539=(BOUNDED_SURFACE()
B_SPLINE_SURFACE(2,1,((#1529,#1530),(#1531,#1532),(#1533,#1534),(#1535,#1536),(#1537,#1538)),.UNSPECIFIED.,.F.,.F.,.U.)
B_SPLINE_SURFACE_WITH_KNOTS((3,2,3),(2,2),(1.609793186,2.094395102,2.624319584),(0.09108279,0.09308279),.UNSPECIFIED.)
GEOMETRIC_REPRESENTATION_ITEM()
RATIONAL_B_SPLINE_SURFACE(((0.822156505,0.822156505),(0.884309814,0.884309814),(1.,1.),(0.873489849,0.873489849),(0.810998971,0.810998971)))
REPRESENTATION_ITEM('')
SURFACE()
);
#1540=ORIENTED_EDGE('',*,*,#873,.F.);
#1541=CARTESIAN_POINT('',(15.490894449,1.788912286,1.));
#1542=CARTESIAN_POINT('',(15.490894449,1.788912286,-1.));
#1543=B_SPLINE_CURVE_WITH_KNOTS('',1,(#1541,#1542),.UNSPECIFIED.,.F.,.F.,(2,2),(0.09108279,0.09308279),.UNSPECIFIED.);
#1544=EDGE_CURVE('',#860,#379,#1543,.T.);
#1545=ORIENTED_EDGE('',*,*,#1544,.T.);
#1546=ORIENTED_EDGE('',*,*,#384,.F.);
#1547=ORIENTED_EDGE('',*,*,#1382,.F.);
#1548=EDGE_LOOP('',(#1540,#1545,#1546,#1547));
#1549=FACE_BOUND('',#1548,.T.);
#1550=ADVANCED_FACE('',(#1549),#1539,.T.);
#1551=CARTESIAN_POINT('',(14.156949259,-0.621111647,-1.));
#1552=CARTESIAN_POINT('',(14.156949259,-0.621111647,1.));
#1553=CARTESIAN_POINT('',(15.619376254,0.143617318,-1.));
#1554=CARTESIAN_POINT('',(15.619376254,0.143617318,1.));
#1555=CARTESIAN_POINT('',(15.490894449,1.788912286,-1.));
#1556=CARTESIAN_POINT('',(15.490894449,1.788912286,1.));
#1557=(BOUNDED_SURFACE()
B_SPLINE_SURFACE(2,1,((#1551,#1552),(#1553,#1554),(#1555,#1556)),.UNSPECIFIED.,.F.,.F.,.U.)
B_SPLINE_SURFACE_WITH_KNOTS((3,3),(2,2),(0.520340783,1.609793186),(0.09108279,0.09308279),.UNSPECIFIED.)
GEOMETRIC_REPRESENTATION_ITEM()
RATIONAL_B_SPLINE_SURFACE(((0.813280208,0.813280208),(0.682427234,0.682427234),(0.822156505,0.822156505)))
REPRESENTATION_ITEM('')
SURFACE()
);
#1558=ORIENTED_EDGE('',*,*,#865,.F.);
#1559=CARTESIAN_POINT('',(14.156949259,-0.621111647,1.));
#1560=CARTESIAN_POINT('',(14.156949259,-0.621111647,-1.));
#1561=B_SPLINE_CURVE_WITH_KNOTS('',1,(#1559,#1560),.UNSPECIFIED.,.F.,.F.,(2,2),(0.09108279,0.09308279),.UNSPECIFIED.);
#1562=EDGE_CURVE('',#852,#387,#1561,.T.);
#1563=ORIENTED_EDGE('',*,*,#1562,.T.);
#1564=ORIENTED_EDGE('',*,*,#392,.F.);
#1565=ORIENTED_EDGE('',*,*,#1544,.F.);
#1566=EDGE_LOOP('',(#1558,#1563,#1564,#1565));
#1567=FACE_BOUND('',#1566,.T.);
#1568=ADVANCED_FACE('',(#1567),#1557,.T.);
#1569=CARTESIAN_POINT('',(-14.210745807,-0.738329517,1.));
#1570=CARTESIAN_POINT('',(-14.210745807,-0.738329517,-1.));
#1571=CARTESIAN_POINT('',(-12.663640775,-1.594722092,1.));
#1572=CARTESIAN_POINT('',(-12.663640775,-1.594722092,-1.));
#1573=CARTESIAN_POINT('',(-12.663640775,-3.363038303,1.));
#1574=CARTESIAN_POINT('',(-12.663640775,-3.363038303,-1.));
#1575=(BOUNDED_SURFACE()
B_SPLINE_SURFACE(2,1,((#1569,#1570),(#1571,#1572),(#1573,#1574)),.UNSPECIFIED.,.F.,.F.,.U.)
B_SPLINE_SURFACE_WITH_KNOTS((3,3),(2,2),(0.543615573,1.533203626),(-0.002,0.),.UNSPECIFIED.)
GEOMETRIC_REPRESENTATION_ITEM()
RATIONAL_B_SPLINE_SURFACE(((0.807812684,0.807812684),(0.694205081,0.694205081),(0.803847577,0.803847577)))
REPRESENTATION_ITEM('')
SURFACE()
);
#1576=ORIENTED_EDGE('',*,*,#253,.F.);
#1577=ORIENTED_EDGE('',*,*,#1272,.F.);
#1578=ORIENTED_EDGE('',*,*,#1004,.F.);
#1579=ORIENTED_EDGE('',*,*,#1522,.F.);
#1580=EDGE_LOOP('',(#1576,#1577,#1578,#1579));
#1581=FACE_BOUND('',#1580,.T.);
#1582=ADVANCED_FACE('',(#1581),#1575,.F.);
#1583=CARTESIAN_POINT('',(14.156949259,-0.621111647,-1.));
#1584=CARTESIAN_POINT('',(14.156949259,-0.621111647,1.));
#1585=CARTESIAN_POINT('',(13.38474031,-1.024913378,-1.));
#1586=CARTESIAN_POINT('',(13.38474031,-1.024913378,1.));
#1587=CARTESIAN_POINT('',(12.94903327,-1.779580108,-1.));
#1588=CARTESIAN_POINT('',(12.94903327,-1.779580108,1.));
#1589=CARTESIAN_POINT('',(12.546186854,-2.477330568,-1.));
#1590=CARTESIAN_POINT('',(12.546186854,-2.477330568,1.));
#1591=CARTESIAN_POINT('',(12.547111456,-3.283022869,-1.));
#1592=CARTESIAN_POINT('',(12.547111456,-3.283022869,1.));
#1593=(BOUNDED_SURFACE()
B_SPLINE_SURFACE(2,1,((#1583,#1584),(#1585,#1586),(#1587,#1588),(#1589,#1590),(#1591,#1592)),.UNSPECIFIED.,.F.,.F.,.U.)
B_SPLINE_SURFACE_WITH_KNOTS((3,2,3),(2,2),(3.587202935,4.188790205,4.751096978),(0.09108279,0.09308279),.UNSPECIFIED.)
GEOMETRIC_REPRESENTATION_ITEM()
RATIONAL_B_SPLINE_SURFACE(((0.795268195,0.795268195),(0.856381619,0.856381619),(1.,1.),(0.865759146,0.865759146),(0.80360072,0.80360072)))
REPRESENTATION_ITEM('')
SURFACE()
);
#1594=ORIENTED_EDGE('',*,*,#400,.F.);
#1595=ORIENTED_EDGE('',*,*,#1562,.F.);
#1596=ORIENTED_EDGE('',*,*,#857,.F.);
#1597=ORIENTED_EDGE('',*,*,#1292,.F.);
#1598=EDGE_LOOP('',(#1594,#1595,#1596,#1597));
#1599=FACE_BOUND('',#1598,.T.);
#1600=ADVANCED_FACE('',(#1599),#1593,.F.);
#1601=CARTESIAN_POINT('',(-9.663640775,-19.,1.));
#1602=CARTESIAN_POINT('',(-9.663640775,-19.,-1.));
#1603=CARTESIAN_POINT('',(-11.395691583,-19.,1.));
#1604=CARTESIAN_POINT('',(-11.395691583,-19.,-1.));
#1605=CARTESIAN_POINT('',(-12.261716987,-17.5,1.));
#1606=CARTESIAN_POINT('',(-12.261716987,-17.5,-1.));
#1607=CARTESIAN_POINT('',(-12.663640775,-16.803847577,1.));
#1608=CARTESIAN_POINT('',(-12.663640775,-16.803847577,-1.));
#1609=CARTESIAN_POINT('',(-12.663640775,-16.,1.));
#1610=CARTESIAN_POINT('',(-12.663640775,-16.,-1.));
#1611=(BOUNDED_SURFACE()
B_SPLINE_SURFACE(2,1,((#1601,#1602),(#1603,#1604),(#1605,#1606),(#1607,#1608),(#1609,#1610)),.UNSPECIFIED.,.F.,.F.,.U.)
B_SPLINE_SURFACE_WITH_KNOTS((3,2,3),(2,2),(3.141592654,4.188790205,4.749981681),(-0.088630201,-0.086630201),.UNSPECIFIED.)
GEOMETRIC_REPRESENTATION_ITEM()
RATIONAL_B_SPLINE_SURFACE(((0.75,0.75),(0.75,0.75),(1.,1.),(0.866025404,0.866025404),(0.803847577,0.803847577)))
REPRESENTATION_ITEM('')
SURFACE()
);
#1612=ORIENTED_EDGE('',*,*,#238,.F.);
#1613=ORIENTED_EDGE('',*,*,#130,.F.);
#1614=ORIENTED_EDGE('',*,*,#1017,.F.);
#1615=ORIENTED_EDGE('',*,*,#1266,.F.);
#1616=EDGE_LOOP('',(#1612,#1613,#1614,#1615));
#1617=FACE_BOUND('',#1616,.T.);
#1618=ADVANCED_FACE('',(#1617),#1611,.T.);
#1619=CARTESIAN_POINT('',(12.56170135,-15.99655724,1.));
#1620=CARTESIAN_POINT('',(12.56170135,-15.99655724,-1.));
#1621=CARTESIAN_POINT('',(12.562625952,-16.80224954,1.));
#1622=CARTESIAN_POINT('',(12.562625952,-16.80224954,-1.));
#1623=CARTESIAN_POINT('',(12.159779536,-17.5,1.));
#1624=CARTESIAN_POINT('',(12.159779536,-17.5,-1.));
#1625=CARTESIAN_POINT('',(11.293754133,-19.,1.));
#1626=CARTESIAN_POINT('',(11.293754133,-19.,-1.));
#1627=CARTESIAN_POINT('',(9.561703325,-19.,1.));
#1628=CARTESIAN_POINT('',(9.561703325,-19.,-1.));
#1629=(BOUNDED_SURFACE()
B_SPLINE_SURFACE(2,1,((#1619,#1620),(#1621,#1622),(#1623,#1624),(#1625,#1626),(#1627,#1628)),.UNSPECIFIED.,.F.,.F.,.U.)
B_SPLINE_SURFACE_WITH_KNOTS((3,2,3),(2,2),(1.532088329,2.094395102,3.141592654),(-0.002,0.),.UNSPECIFIED.)
GEOMETRIC_REPRESENTATION_ITEM()
RATIONAL_B_SPLINE_SURFACE(((0.80360072,0.80360072),(0.865759146,0.865759146),(1.,1.),(0.75,0.75),(0.75,0.75)))
REPRESENTATION_ITEM('')
SURFACE()
);
#1630=ORIENTED_EDGE('',*,*,#415,.F.);
#1631=ORIENTED_EDGE('',*,*,#1286,.F.);
#1632=ORIENTED_EDGE('',*,*,#842,.F.);
#1633=ORIENTED_EDGE('',*,*,#166,.F.);
#1634=EDGE_LOOP('',(#1630,#1631,#1632,#1633));
#1635=FACE_BOUND('',#1634,.T.);
#1636=ADVANCED_FACE('',(#1635),#1629,.T.);
#1637=CARTESIAN_POINT('',(-9.44221434,-19.,-1.));
#1638=CARTESIAN_POINT('',(-9.44221434,-19.,1.));
#1639=CARTESIAN_POINT('',(-7.872173076,-19.,-1.));
#1640=CARTESIAN_POINT('',(-7.872173076,-19.,1.));
#1641=CARTESIAN_POINT('',(-6.97726276,-17.709974769,-1.));
#1642=CARTESIAN_POINT('',(-6.97726276,-17.709974769,1.));
#1643=(BOUNDED_SURFACE()
B_SPLINE_SURFACE(2,1,((#1637,#1638),(#1639,#1640),(#1641,#1642)),.UNSPECIFIED.,.F.,.F.,.U.)
B_SPLINE_SURFACE_WITH_KNOTS((3,3),(2,2),(0.,0.971975349),(0.098027388,0.100027388),.UNSPECIFIED.)
GEOMETRIC_REPRESENTATION_ITEM()
RATIONAL_B_SPLINE_SURFACE(((1.,1.),(0.767957978,0.767957978),(0.751289956,0.751289956)))
REPRESENTATION_ITEM('')
SURFACE()
);
#1644=ORIENTED_EDGE('',*,*,#229,.F.);
#1645=ORIENTED_EDGE('',*,*,#1314,.F.);
#1646=ORIENTED_EDGE('',*,*,#1024,.F.);
#1647=ORIENTED_EDGE('',*,*,#118,.F.);
#1648=EDGE_LOOP('',(#1644,#1645,#1646,#1647));
#1649=FACE_BOUND('',#1648,.T.);
#1650=ADVANCED_FACE('',(#1649),#1643,.T.);
#1651=CARTESIAN_POINT('',(6.777414949,-17.709974769,-1.));
#1652=CARTESIAN_POINT('',(6.777414949,-17.709974769,1.));
#1653=CARTESIAN_POINT('',(7.672325265,-19.,-1.));
#1654=CARTESIAN_POINT('',(7.672325265,-19.,1.));
#1655=CARTESIAN_POINT('',(9.242366528,-19.,-1.));
#1656=CARTESIAN_POINT('',(9.242366528,-19.,1.));
#1657=(BOUNDED_SURFACE()
B_SPLINE_SURFACE(2,1,((#1651,#1652),(#1653,#1654),(#1655,#1656)),.UNSPECIFIED.,.F.,.F.,.U.)
B_SPLINE_SURFACE_WITH_KNOTS((3,3),(2,2),(5.311209959,6.283185307),(0.098027388,0.100027388),.UNSPECIFIED.)
GEOMETRIC_REPRESENTATION_ITEM()
RATIONAL_B_SPLINE_SURFACE(((0.751289956,0.751289956),(0.767957978,0.767957978),(1.,1.)))
REPRESENTATION_ITEM('')
SURFACE()
);
#1658=ORIENTED_EDGE('',*,*,#831,.F.);
#1659=ORIENTED_EDGE('',*,*,#1308,.F.);
#1660=ORIENTED_EDGE('',*,*,#213,.F.);
#1661=ORIENTED_EDGE('',*,*,#154,.F.);
#1662=EDGE_LOOP('',(#1658,#1659,#1660,#1661));
#1663=FACE_BOUND('',#1662,.T.);
#1664=ADVANCED_FACE('',(#1663),#1657,.T.);
#1665=CARTESIAN_POINT('',(-0.005496104,-2.200738575,-1.));
#1666=CARTESIAN_POINT('',(-0.005496104,-2.200738575,1.));
#1667=CARTESIAN_POINT('',(6.975522139,-2.200738575,-1.));
#1668=CARTESIAN_POINT('',(6.975522139,-2.200738575,1.));
#1669=CARTESIAN_POINT('',(3.485013018,3.845000568,-1.));
#1670=CARTESIAN_POINT('',(3.485013018,3.845000568,1.));
#1671=CARTESIAN_POINT('',(-0.005496104,9.89073971,-1.));
#1672=CARTESIAN_POINT('',(-0.005496104,9.89073971,1.));
#1673=CARTESIAN_POINT('',(-3.496005225,3.845000568,-1.));
#1674=CARTESIAN_POINT('',(-3.496005225,3.845000568,1.));
#1675=CARTESIAN_POINT('',(-6.986514347,-2.200738575,-1.));
#1676=CARTESIAN_POINT('',(-6.986514347,-2.200738575,1.));
#1677=CARTESIAN_POINT('',(-0.005496104,-2.200738575,-1.));
#1678=CARTESIAN_POINT('',(-0.005496104,-2.200738575,1.));
#1679=(BOUNDED_SURFACE()
B_SPLINE_SURFACE(2,1,((#1665,#1666),(#1667,#1668),(#1669,#1670),(#1671,#1672),(#1673,#1674),(#1675,#1676),(#1677,#1678)),.UNSPECIFIED.,.T.,.F.,.U.)
B_SPLINE_SURFACE_WITH_KNOTS((3,2,2,3),(2,2),(0.,2.094395102,4.188790205,6.283185307),(0.062984087,0.064984087),.UNSPECIFIED.)
GEOMETRIC_REPRESENTATION_ITEM()
RATIONAL_B_SPLINE_SURFACE(((1.,1.),(0.5,0.5),(1.,1.),(0.5,0.5),(1.,1.),(0.5,0.5),(1.,1.)))
REPRESENTATION_ITEM('')
SURFACE()
);
#1680=CARTESIAN_POINT('',(-0.005496104,-2.200738575,1.));
#1681=CARTESIAN_POINT('',(-0.005496104,-2.200738575,-1.));
#1682=B_SPLINE_CURVE_WITH_KNOTS('',1,(#1680,#1681),.UNSPECIFIED.,.F.,.F.,(2,2),(0.062984087,0.064984087),.UNSPECIFIED.);
#1683=EDGE_CURVE('',#608,#177,#1682,.T.);
#1684=ORIENTED_EDGE('',*,*,#1683,.F.);
#1685=ORIENTED_EDGE('',*,*,#619,.F.);
#1686=ORIENTED_EDGE('',*,*,#631,.F.);
#1687=ORIENTED_EDGE('',*,*,#1683,.T.);
#1688=ORIENTED_EDGE('',*,*,#190,.T.);
#1689=ORIENTED_EDGE('',*,*,#202,.T.);
#1690=EDGE_LOOP('',(#1684,#1685,#1686,#1687,#1688,#1689));
#1691=FACE_BOUND('',#1690,.T.);
#1692=ADVANCED_FACE('',(#1691),#1679,.F.);
#1693=CARTESIAN_POINT('',(-5.399849916,17.719320902,-1.));
#1694=CARTESIAN_POINT('',(-5.399849916,17.719320902,1.));
#1695=CARTESIAN_POINT('',(-3.411685355,14.997956765,-1.));
#1696=CARTESIAN_POINT('',(-3.411685355,14.997956765,1.));
#1697=CARTESIAN_POINT('',(-0.04143001,14.997956765,-1.));
#1698=CARTESIAN_POINT('',(-0.04143001,14.997956765,1.));
#1699=(BOUNDED_SURFACE()
B_SPLINE_SURFACE(2,1,((#1693,#1694),(#1695,#1696),(#1697,#1698)),.UNSPECIFIED.,.F.,.F.,.U.)
B_SPLINE_SURFACE_WITH_KNOTS((3,3),(2,2),(5.333441525,6.283185307),(0.08931315,0.09131315),.UNSPECIFIED.)
GEOMETRIC_REPRESENTATION_ITEM()
RATIONAL_B_SPLINE_SURFACE(((0.75216511,0.75216511),(0.773265374,0.773265374),(1.,1.)))
REPRESENTATION_ITEM('')
SURFACE()
);
#1700=ORIENTED_EDGE('',*,*,#1329,.T.);
#1701=ORIENTED_EDGE('',*,*,#326,.T.);
#1702=ORIENTED_EDGE('',*,*,#1436,.T.);
#1703=ORIENTED_EDGE('',*,*,#933,.F.);
#1704=EDGE_LOOP('',(#1700,#1701,#1702,#1703));
#1705=FACE_BOUND('',#1704,.T.);
#1706=ADVANCED_FACE('',(#1705),#1699,.F.);
#1707=CLOSED_SHELL('',(#62,#98,#134,#170,#599,#1028,#1048,#1068,#1088,#1116,#1144,#1172,#1200,#1228,#1256,#1276,#1296,#1318,#1340,#1366,#1392,#1410,#1424,#1442,#1460,#1474,
#1488,#1506,#1528,#1550,#1568,#1582,#1600,#1618,#1636,#1650,#1664,#1692,#1706));
#1708=MANIFOLD_SOLID_BREP('Solid 46',#1707);
#26=STYLED_ITEM('',(),#1708);
#16=SHAPE_REPRESENTATION('root',(#15),#10);
#17=ADVANCED_BREP_SHAPE_REPRESENTATION('root',(#1708),#10);
#1716=SHAPE_REPRESENTATION_RELATIONSHIP('','',#16,#17);
#1717=APPLICATION_CONTEXT('configuration controlled 3D design of mechanical parts and assemblies');
#1718=APPLICATION_PROTOCOL_DEFINITION('international standard','configuration_control_3d_design_ed2_mim',2004,#1717);
#1719=PRODUCT_CONTEXT('',#1717,'mechanical');
#1720=PRODUCT_DEFINITION_CONTEXT('part definition',#1717,'design');
#24=PRODUCT('root','root','',(#1719));
#1721=PRODUCT_RELATED_PRODUCT_CATEGORY('part','',(#24));
#1722=PRODUCT_DEFINITION_FORMATION_WITH_SPECIFIED_SOURCE('','',#24,.NOT_KNOWN.);
#25=PRODUCT_DEFINITION('design','',#1722,#1720);
#23=PRODUCT_DEFINITION_SHAPE('','',#25);
#1723=SHAPE_DEFINITION_REPRESENTATION(#23,#16);
#11=DRAUGHTING_MODEL('',(),#10);
#1=MECHANICAL_DESIGN_GEOMETRIC_PRESENTATION_REPRESENTATION('',(#26),#10);
ENDSEC;
END-ISO-10303-21;
